,1,2,3,class,mu_1,mu_2
0,1.0,0.0,0.0,1,0.0,0.0
1,0.0,1.0,0.0,2,1.0,0.0
2,0.0,1.0,0.0,2,1.0,0.0
3,-0.0,1.0,0.0,2,1.0,0.0
4,1.0,0.0,0.0,1,0.0,0.0
5,1.0,0.0,0.0,1,0.0,0.0
6,1.0,0.0,0.0,1,0.0,0.0
7,0.0,1.0,0.0,2,1.0,0.0
8,1.0,0.0,0.0,1,0.0,0.0
9,1.0,0.0,0.0,1,0.0,0.0
10,-0.0,1.0,0.0,2,1.0,0.0
11,0.0,0.0,1.0,3,1.0,1.0
12,1.0,0.0,0.0,1,0.0,0.0
13,0.0,1.0,0.0,2,1.0,0.0
14,1.0,0.0,0.0,1,0.0,0.0
15,0.0,1.0,0.0,2,1.0,0.0
16,1.0,0.0,0.0,1,0.0,0.0
17,0.0,1.0,0.0,2,1.0,0.0
18,0.0,1.0,0.0,2,1.0,0.0
19,0.0,0.0,1.0,3,1.0,1.0
20,0.0,1.0,0.0,2,1.0,0.0
21,0.0,0.0,1.0,3,1.0,1.0
22,0.01,0.99,0.0,2,0.99,0.0
23,0.0,0.0,1.0,3,1.0,1.0
24,1.0,0.0,0.0,1,0.0,0.0
25,1.0,0.0,0.0,1,0.0,0.0
26,0.92,0.08,0.0,1,0.08,0.0
27,0.0,0.0,1.0,3,1.0,1.0
28,1.0,0.0,0.0,1,0.0,0.0
29,0.0,1.0,0.0,2,1.0,0.0
30,0.0,1.0,0.0,2,1.0,0.0
31,0.0,0.0,1.0,3,1.0,1.0
32,1.0,0.0,0.0,1,0.0,0.0
33,1.0,0.0,0.0,1,0.0,0.0
34,0.01,0.99,0.0,2,0.99,0.0
35,0.0,0.0,1.0,3,1.0,1.0
36,1.0,-0.0,0.0,1,0.0,0.0
37,-0.0,1.0,0.0,2,1.0,0.0
38,1.0,0.0,0.0,1,0.0,0.0
39,1.0,0.0,0.0,1,0.0,0.0
40,0.0,1.0,0.0,2,1.0,0.0
41,0.0,0.01,0.99,3,1.0,0.99
42,1.0,0.0,0.0,1,0.0,0.0
43,0.0,0.0,1.0,3,1.0,1.0
44,1.0,0.0,0.0,1,0.0,0.0
45,1.0,0.0,0.0,1,0.0,0.0
46,0.0,1.0,0.0,2,1.0,0.0
47,0.0,0.0,1.0,3,1.0,1.0
48,1.0,0.0,0.0,1,0.0,0.0
49,0.0,0.0,1.0,3,1.0,1.0
50,1.0,0.0,0.0,1,0.0,0.0
51,0.0,0.0,1.0,3,1.0,1.0
52,1.0,0.0,0.0,1,0.0,0.0
53,1.0,0.0,0.0,1,0.0,0.0
54,0.0,1.0,0.0,2,1.0,0.0
55,0.0,0.0,1.0,3,1.0,1.0
56,1.0,0.0,0.0,1,0.0,0.0
57,0.0,0.0,1.0,3,1.0,1.0
58,0.0,1.0,0.0,2,1.0,0.0
59,1.0,0.0,0.0,1,0.0,0.0
60,0.09,0.91,0.0,2,0.91,0.0
61,0.0,0.0,1.0,3,1.0,1.0
62,0.0,0.0,1.0,3,1.0,1.0
63,0.0,0.0,1.0,3,1.0,1.0
64,1.0,0.0,0.0,1,0.0,0.0
65,1.0,0.0,0.0,1,0.0,0.0
66,1.0,0.0,0.0,1,0.0,0.0
67,0.01,0.99,0.0,2,0.99,0.0
68,1.0,0.0,0.0,1,0.0,0.0
69,1.0,0.0,0.0,1,0.0,0.0
70,1.0,0.0,0.0,1,0.0,0.0
71,1.0,0.0,0.0,1,0.0,0.0
72,1.0,0.0,0.0,1,0.0,0.0
73,1.0,0.0,0.0,1,0.0,0.0
74,0.0,1.0,0.0,2,1.0,0.0
75,0.0,0.0,1.0,3,1.0,1.0
76,1.0,0.0,0.0,1,0.0,0.0
77,0.04,0.96,0.0,2,0.96,0.0
78,0.0,0.0,1.0,3,1.0,1.0
79,0.0,0.0,1.0,3,1.0,1.0
80,1.0,0.0,0.0,1,0.0,0.0
81,1.0,0.0,0.0,1,0.0,0.0
82,1.0,0.0,0.0,1,0.0,0.0
83,0.0,1.0,0.0,2,1.0,0.0
84,0.91,0.09,0.0,1,0.09,0.0
85,0.0,1.0,0.0,2,1.0,0.0
86,0.0,0.99,0.01,2,1.0,0.01
87,0.0,0.0,1.0,3,1.0,1.0
88,1.0,0.0,0.0,1,0.0,0.0
89,1.0,0.0,0.0,1,0.0,0.0
90,1.0,0.0,0.0,1,0.0,0.0
91,1.0,0.0,0.0,1,0.0,0.0
92,1.0,0.0,0.0,1,0.0,0.0
93,0.0,1.0,0.0,2,1.0,0.0
94,1.0,0.0,0.0,1,0.0,0.0
95,0.0,0.0,1.0,3,1.0,1.0
96,1.0,0.0,0.0,1,0.0,0.0
97,-0.0,1.0,0.0,2,1.0,0.0
98,0.0,0.0,1.0,3,1.0,1.0
99,0.0,0.0,1.0,3,1.0,1.0
100,1.0,0.0,0.0,1,0.0,0.0
101,1.0,0.0,0.0,1,0.0,0.0
102,1.0,0.0,0.0,1,0.0,0.0
103,0.0,1.0,0.0,2,1.0,0.0
104,1.0,0.0,0.0,1,0.0,0.0
105,1.0,0.0,0.0,1,0.0,0.0
106,0.0,1.0,0.0,2,1.0,0.0
107,0.0,1.0,0.0,2,1.0,0.0
108,1.0,0.0,0.0,1,0.0,0.0
109,1.0,0.0,0.0,1,0.0,0.0
110,1.0,0.0,0.0,1,0.0,0.0
111,0.92,0.08,0.0,1,0.08,0.0
112,0.82,0.18,0.0,1,0.18,0.0
113,0.0,-0.0,1.0,3,1.0,1.0
114,0.0,0.65,0.35,2,1.0,0.35
115,0.0,0.0,1.0,3,1.0,1.0
116,1.0,0.0,0.0,1,0.0,0.0
117,0.0,1.0,0.0,2,1.0,0.0
118,1.0,0.0,0.0,1,0.0,0.0
119,1.0,0.0,0.0,1,0.0,0.0
120,1.0,0.0,0.0,1,0.0,0.0
121,1.0,0.0,0.0,1,0.0,0.0
122,1.0,0.0,0.0,1,0.0,0.0
123,1.0,0.0,0.0,1,0.0,0.0
124,1.0,0.0,0.0,1,0.0,0.0
125,1.0,0.0,0.0,1,0.0,0.0
126,1.0,0.0,0.0,1,0.0,0.0
127,1.0,0.0,0.0,1,0.0,0.0
128,0.0,1.0,0.0,2,1.0,0.0
129,0.0,0.0,1.0,3,1.0,1.0
130,1.0,0.0,0.0,1,0.0,0.0
131,0.0,1.0,0.0,2,1.0,0.0
132,1.0,-0.0,0.0,1,0.0,0.0
133,0.0,0.0,1.0,3,1.0,1.0
134,0.17,0.83,0.0,2,0.83,0.0
135,0.0,1.0,0.0,2,1.0,0.0
136,1.0,0.0,0.0,1,0.0,0.0
137,1.0,0.0,0.0,1,0.0,0.0
138,1.0,0.0,0.0,1,0.0,0.0
139,1.0,0.0,0.0,1,0.0,0.0
140,1.0,-0.0,0.0,1,0.0,0.0
141,0.0,1.0,0.0,2,1.0,0.0
142,0.17,0.83,0.0,2,0.83,0.0
143,0.0,0.05,0.95,3,1.0,0.95
144,1.0,0.0,0.0,1,0.0,0.0
145,0.0,0.0,1.0,3,1.0,1.0
146,1.0,0.0,0.0,1,0.0,0.0
147,0.0,1.0,0.0,2,1.0,0.0
148,0.0,1.0,0.0,2,1.0,0.0
149,0.0,1.0,0.0,2,1.0,0.0
150,1.0,0.0,0.0,1,0.0,0.0
151,-0.0,1.0,0.0,2,1.0,0.0
152,0.0,1.0,0.0,2,1.0,0.0
153,0.0,0.0,1.0,3,1.0,1.0
154,1.0,0.0,0.0,1,0.0,0.0
155,1.0,0.0,0.0,1,0.0,0.0
156,1.0,0.0,0.0,1,0.0,0.0
157,1.0,0.0,0.0,1,0.0,0.0
158,1.0,0.0,0.0,1,0.0,0.0
159,0.47,0.53,0.0,2,0.53,0.0
160,1.0,0.0,0.0,1,0.0,0.0
161,1.0,0.0,0.0,1,0.0,0.0
162,0.0,1.0,0.0,2,1.0,0.0
163,0.0,1.0,0.0,2,1.0,0.0
164,1.0,0.0,0.0,1,0.0,0.0
165,1.0,0.0,0.0,1,0.0,0.0
166,1.0,0.0,0.0,1,0.0,0.0
167,0.0,1.0,0.0,2,1.0,0.0
168,1.0,0.0,0.0,1,0.0,0.0
169,0.0,1.0,0.0,2,1.0,0.0
170,0.0,1.0,0.0,2,1.0,0.0
171,0.0,0.0,1.0,3,1.0,1.0
172,1.0,0.0,0.0,1,0.0,0.0
173,0.0,1.0,0.0,2,1.0,0.0
174,1.0,-0.0,0.0,1,0.0,0.0
175,0.0,0.0,1.0,3,1.0,1.0
176,1.0,0.0,0.0,1,0.0,0.0
177,1.0,0.0,0.0,1,0.0,0.0
178,1.0,-0.06,0.06,1,0.0,0.06
179,0.0,0.0,1.0,3,1.0,1.0
180,1.0,0.0,0.0,1,0.0,0.0
181,1.0,-0.69,0.69,1,0.0,0.69
182,0.0,1.0,0.0,2,1.0,0.0
183,0.0,0.0,1.0,3,1.0,1.0
184,1.0,0.0,0.0,1,0.0,0.0
185,0.0,0.0,1.0,3,1.0,1.0
186,0.0,0.0,1.0,3,1.0,1.0
187,0.0,0.0,1.0,3,1.0,1.0
188,1.0,0.0,0.0,1,0.0,0.0
189,1.0,0.0,0.0,1,0.0,0.0
190,1.0,0.0,0.0,1,0.0,0.0
191,0.0,1.0,0.0,2,1.0,0.0
192,1.0,0.0,0.0,1,0.0,0.0
193,0.0,1.0,0.0,2,1.0,0.0
194,0.0,1.0,0.0,2,1.0,0.0
195,-0.0,1.0,0.0,2,1.0,0.0
196,0.16,0.84,0.0,2,0.84,0.0
197,0.0,0.0,1.0,3,1.0,1.0
198,1.0,0.0,0.0,1,0.0,0.0
199,0.82,0.18,0.0,1,0.18,0.0
200,1.0,0.0,0.0,1,0.0,0.0
201,0.0,1.0,0.0,2,1.0,0.0
202,1.0,0.0,0.0,1,0.0,0.0
203,0.0,1.0,0.0,2,1.0,0.0
204,1.0,0.0,0.0,1,0.0,0.0
205,0.0,1.0,0.0,2,1.0,0.0
206,0.0,1.0,0.0,2,1.0,0.0
207,0.0,0.0,1.0,3,1.0,1.0
208,0.0,0.0,1.0,3,1.0,1.0
209,0.0,0.0,1.0,3,1.0,1.0
210,0.0,1.0,0.0,2,1.0,0.0
211,0.0,0.0,1.0,3,1.0,1.0
212,1.0,-0.0,0.0,1,0.0,0.0
213,1.0,0.0,0.0,1,0.0,0.0
214,1.0,0.0,0.0,1,0.0,0.0
215,0.0,1.0,0.0,2,1.0,0.0
216,1.0,0.0,0.0,1,0.0,0.0
217,0.0,0.0,1.0,3,1.0,1.0
218,1.0,0.0,0.0,1,0.0,0.0
219,1.0,0.0,0.0,1,0.0,0.0
220,1.0,0.0,0.0,1,0.0,0.0
221,1.0,0.0,0.0,1,0.0,0.0
222,0.0,0.0,1.0,3,1.0,1.0
223,0.0,0.0,1.0,3,1.0,1.0
224,1.0,0.0,0.0,1,0.0,0.0
225,0.12,0.88,0.0,2,0.88,0.0
226,1.0,0.0,0.0,1,0.0,0.0
227,0.0,1.0,0.0,2,1.0,0.0
228,1.0,0.0,0.0,1,0.0,0.0
229,0.0,1.0,0.0,2,1.0,0.0
230,1.0,0.0,0.0,1,0.0,0.0
231,1.0,0.0,0.0,1,0.0,0.0
232,1.0,0.0,0.0,1,0.0,0.0
233,0.0,0.9,0.1,2,1.0,0.1
234,1.0,0.0,0.0,1,0.0,0.0
235,1.0,0.0,0.0,1,0.0,0.0
236,1.0,0.0,0.0,1,0.0,0.0
237,0.0,1.0,0.0,2,1.0,0.0
238,1.0,0.0,0.0,1,0.0,0.0
239,1.0,0.0,0.0,1,0.0,0.0
240,1.0,0.0,0.0,1,0.0,0.0
241,1.0,0.0,0.0,1,0.0,0.0
242,0.99,0.01,0.0,1,0.01,0.0
243,-0.0,1.0,0.0,2,1.0,0.0
244,1.0,0.0,0.0,1,0.0,0.0
245,0.0,0.0,1.0,3,1.0,1.0
246,0.0,1.0,0.0,2,1.0,0.0
247,0.0,0.65,0.35,2,1.0,0.35
248,1.0,0.0,0.0,1,0.0,0.0
249,-0.0,1.0,0.0,2,1.0,0.0
250,1.0,0.0,0.0,1,0.0,0.0
251,1.0,0.0,0.0,1,0.0,0.0
252,1.0,0.0,0.0,1,0.0,0.0
253,0.82,0.18,0.0,1,0.18,0.0
254,-0.0,1.0,0.0,2,1.0,0.0
255,0.0,0.0,1.0,3,1.0,1.0
256,1.0,0.0,0.0,1,0.0,0.0
257,0.99,0.01,0.0,1,0.01,0.0
258,1.0,0.0,0.0,1,0.0,0.0
259,1.0,0.0,0.0,1,0.0,0.0
260,1.0,0.0,0.0,1,0.0,0.0
261,1.0,0.0,0.0,1,0.0,0.0
262,0.0,1.0,0.0,2,1.0,0.0
263,0.0,0.0,1.0,3,1.0,1.0
264,1.0,0.0,0.0,1,0.0,0.0
265,0.99,0.01,0.0,1,0.01,0.0
266,1.0,0.0,0.0,1,0.0,0.0
267,1.0,0.0,0.0,1,0.0,0.0
268,1.0,0.0,0.0,1,0.0,0.0
269,1.0,0.0,0.0,1,0.0,0.0
270,0.0,1.0,0.0,2,1.0,0.0
271,0.0,0.0,1.0,3,1.0,1.0
272,1.0,0.0,0.0,1,0.0,0.0
273,1.0,0.0,0.0,1,0.0,0.0
274,0.12,0.88,0.0,2,0.88,0.0
275,0.0,1.0,0.0,2,1.0,0.0
276,1.0,0.0,0.0,1,0.0,0.0
277,0.0,1.0,0.0,2,1.0,0.0
278,1.0,0.0,0.0,1,0.0,0.0
279,0.0,1.0,0.0,2,1.0,0.0
280,0.0,0.0,1.0,3,1.0,1.0
281,0.0,0.0,1.0,3,1.0,1.0
282,1.0,0.0,0.0,1,0.0,0.0
283,0.98,0.02,0.0,1,0.02,0.0
284,0.9,0.1,0.0,1,0.1,0.0
285,0.0,1.0,0.0,2,1.0,0.0
286,1.0,0.0,0.0,1,0.0,0.0
287,0.0,1.0,0.0,2,1.0,0.0
288,1.0,0.0,0.0,1,0.0,0.0
289,1.0,0.0,0.0,1,0.0,0.0
290,1.0,0.0,0.0,1,0.0,0.0
291,0.02,0.98,0.0,2,0.98,0.0
292,1.0,0.0,0.0,1,0.0,0.0
293,1.0,0.0,0.0,1,0.0,0.0
294,0.02,0.98,0.0,2,0.98,0.0
295,0.0,-0.0,1.0,3,1.0,1.0
296,0.08,0.92,0.0,2,0.92,0.0
297,-0.0,1.0,0.0,2,1.0,0.0
298,1.0,0.0,0.0,1,0.0,0.0
299,1.0,-0.06,0.06,1,0.0,0.06
300,0.0,-0.0,1.0,3,1.0,1.0
301,0.0,0.0,1.0,3,1.0,1.0
302,1.0,0.0,0.0,1,0.0,0.0
303,1.0,0.0,0.0,1,0.0,0.0
304,0.0,1.0,0.0,2,1.0,0.0
305,0.0,0.0,1.0,3,1.0,1.0
306,1.0,0.0,0.0,1,0.0,0.0
307,0.0,0.0,1.0,3,1.0,1.0
308,1.0,0.0,0.0,1,0.0,0.0
309,1.0,0.0,0.0,1,0.0,0.0
310,1.0,0.0,0.0,1,0.0,0.0
311,0.0,0.0,1.0,3,1.0,1.0
312,1.0,0.0,0.0,1,0.0,0.0
313,1.0,0.0,0.0,1,0.0,0.0
314,1.0,0.0,0.0,1,0.0,0.0
315,1.0,0.0,0.0,1,0.0,0.0
316,1.0,0.0,0.0,1,0.0,0.0
317,1.0,0.0,0.0,1,0.0,0.0
318,1.0,0.0,0.0,1,0.0,0.0
319,1.0,0.0,0.0,1,0.0,0.0
320,1.0,0.0,0.0,1,0.0,0.0
321,1.0,0.0,0.0,1,0.0,0.0
322,0.0,0.0,1.0,3,1.0,1.0
323,0.0,0.0,1.0,3,1.0,1.0
324,0.0,0.03,0.97,3,1.0,0.97
325,0.0,0.0,1.0,3,1.0,1.0
326,1.0,0.0,0.0,1,0.0,0.0
327,1.0,0.0,0.0,1,0.0,0.0
328,0.0,0.0,1.0,3,1.0,1.0
329,0.0,0.0,1.0,3,1.0,1.0
330,1.0,0.0,0.0,1,0.0,0.0
331,1.0,0.0,0.0,1,0.0,0.0
332,1.0,-0.0,0.0,1,0.0,0.0
333,1.0,0.0,0.0,1,0.0,0.0
334,1.0,0.0,0.0,1,0.0,0.0
335,1.0,0.0,0.0,1,0.0,0.0
336,1.0,0.0,0.0,1,0.0,0.0
337,1.0,0.0,0.0,1,0.0,0.0
338,0.0,1.0,0.0,2,1.0,0.0
339,0.0,0.0,1.0,3,1.0,1.0
340,1.0,0.0,0.0,1,0.0,0.0
341,0.0,0.0,1.0,3,1.0,1.0
342,1.0,0.0,0.0,1,0.0,0.0
343,0.0,1.0,0.0,2,1.0,0.0
344,1.0,0.0,0.0,1,0.0,0.0
345,0.0,1.0,0.0,2,1.0,0.0
346,1.0,0.0,0.0,1,0.0,0.0
347,1.0,0.0,0.0,1,0.0,0.0
348,1.0,0.0,0.0,1,0.0,0.0
349,1.0,0.0,0.0,1,0.0,0.0
350,0.0,1.0,0.0,2,1.0,0.0
351,0.0,1.0,0.0,2,1.0,0.0
352,1.0,0.0,0.0,1,0.0,0.0
353,0.0,0.0,1.0,3,1.0,1.0
354,1.0,0.0,0.0,1,0.0,0.0
355,1.0,0.0,0.0,1,0.0,0.0
356,1.0,0.0,0.0,1,0.0,0.0
357,1.0,0.0,0.0,1,0.0,0.0
358,0.0,1.0,0.0,2,1.0,0.0
359,0.0,1.0,0.0,2,1.0,0.0
360,1.0,0.0,0.0,1,0.0,0.0
361,1.0,0.0,0.0,1,0.0,0.0
362,1.0,0.0,0.0,1,0.0,0.0
363,1.0,0.0,0.0,1,0.0,0.0
364,0.0,0.0,1.0,3,1.0,1.0
365,0.0,0.9,0.1,2,1.0,0.1
366,1.0,0.0,0.0,1,0.0,0.0
367,1.0,0.0,0.0,1,0.0,0.0
368,1.0,0.0,0.0,1,0.0,0.0
369,-0.0,1.0,0.0,2,1.0,0.0
370,0.0,1.0,0.0,2,1.0,0.0
371,0.0,-0.0,1.0,3,1.0,1.0
372,1.0,0.0,0.0,1,0.0,0.0
373,0.0,1.0,0.0,2,1.0,0.0
374,1.0,0.0,0.0,1,0.0,0.0
375,0.0,1.0,0.0,2,1.0,0.0
376,0.0,0.03,0.97,3,1.0,0.97
377,0.0,0.03,0.97,3,1.0,0.97
378,1.0,0.0,0.0,1,0.0,0.0
379,0.0,0.0,1.0,3,1.0,1.0
380,1.0,0.0,0.0,1,0.0,0.0
381,1.0,0.0,0.0,1,0.0,0.0
382,1.0,0.0,0.0,1,0.0,0.0
383,1.0,0.0,0.0,1,0.0,0.0
384,1.0,0.0,0.0,1,0.0,0.0
385,-0.0,1.0,0.0,2,1.0,0.0
386,1.0,0.0,0.0,1,0.0,0.0
387,0.98,0.02,0.0,1,0.02,0.0
388,0.0,1.0,0.0,2,1.0,0.0
389,-0.0,1.0,0.0,2,1.0,0.0
390,1.0,0.0,0.0,1,0.0,0.0
391,0.0,1.0,0.0,2,1.0,0.0
392,1.0,0.0,0.0,1,0.0,0.0
393,0.0,1.0,0.0,2,1.0,0.0
394,1.0,0.0,0.0,1,0.0,0.0
395,1.0,0.0,0.0,1,0.0,0.0
396,1.0,0.0,0.0,1,0.0,0.0
397,1.0,0.0,0.0,1,0.0,0.0
398,1.0,0.0,0.0,1,0.0,0.0
399,0.0,1.0,0.0,2,1.0,0.0
400,1.0,0.0,0.0,1,0.0,0.0
401,0.0,1.0,0.0,2,1.0,0.0
402,0.0,1.0,0.0,2,1.0,0.0
403,-0.0,1.0,0.0,2,1.0,0.0
404,1.0,0.0,0.0,1,0.0,0.0
405,0.0,0.0,1.0,3,1.0,1.0
406,0.0,1.0,0.0,2,1.0,0.0
407,0.0,1.0,0.0,2,1.0,0.0
408,1.0,0.0,0.0,1,0.0,0.0
409,0.0,1.0,0.0,2,1.0,0.0
410,1.0,0.0,0.0,1,0.0,0.0
411,1.0,0.0,0.0,1,0.0,0.0
412,1.0,-0.0,0.0,1,0.0,0.0
413,0.0,1.0,0.0,2,1.0,0.0
414,1.0,0.0,0.0,1,0.0,0.0
415,-0.0,1.0,0.0,2,1.0,0.0
416,1.0,0.0,0.0,1,0.0,0.0
417,1.0,0.0,0.0,1,0.0,0.0
418,1.0,0.0,0.0,1,0.0,0.0
419,0.0,1.0,0.0,2,1.0,0.0
420,1.0,0.0,0.0,1,0.0,0.0
421,1.0,0.0,0.0,1,0.0,0.0
422,1.0,0.0,0.0,1,0.0,0.0
423,1.0,0.0,0.0,1,0.0,0.0
424,0.0,0.0,1.0,3,1.0,1.0
425,0.0,0.0,1.0,3,1.0,1.0
426,1.0,0.0,0.0,1,0.0,0.0
427,1.0,0.0,0.0,1,0.0,0.0
428,1.0,0.0,0.0,1,0.0,0.0
429,-0.0,1.0,0.0,2,1.0,0.0
430,1.0,0.0,0.0,1,0.0,0.0
431,0.0,0.0,1.0,3,1.0,1.0
432,1.0,0.0,0.0,1,0.0,0.0
433,0.0,1.0,0.0,2,1.0,0.0
434,0.0,1.0,0.0,2,1.0,0.0
435,0.0,1.0,0.0,2,1.0,0.0
436,1.0,0.0,0.0,1,0.0,0.0
437,0.0,0.0,1.0,3,1.0,1.0
438,1.0,0.0,0.0,1,0.0,0.0
439,1.0,0.0,0.0,1,0.0,0.0
440,1.0,0.0,0.0,1,0.0,0.0
441,1.0,0.0,0.0,1,0.0,0.0
442,0.0,1.0,0.0,2,1.0,0.0
443,0.0,-0.0,1.0,3,1.0,1.0
444,1.0,0.0,0.0,1,0.0,0.0
445,1.0,0.0,0.0,1,0.0,0.0
446,1.0,0.0,0.0,1,0.0,0.0
447,1.0,0.0,0.0,1,0.0,0.0
448,0.0,0.0,1.0,3,1.0,1.0
449,0.0,0.0,1.0,3,1.0,1.0
450,1.0,0.0,0.0,1,0.0,0.0
451,0.0,1.0,0.0,2,1.0,0.0
452,1.0,0.0,0.0,1,0.0,0.0
453,0.0,1.0,0.0,2,1.0,0.0
454,1.0,0.0,0.0,1,0.0,0.0
455,1.0,0.0,0.0,1,0.0,0.0
456,1.0,0.0,0.0,1,0.0,0.0
457,1.0,0.0,0.0,1,0.0,0.0
458,1.0,0.0,0.0,1,0.0,0.0
459,1.0,0.0,0.0,1,0.0,0.0
460,1.0,0.0,0.0,1,0.0,0.0
461,0.0,0.0,1.0,3,1.0,1.0
462,0.01,0.99,0.0,2,0.99,0.0
463,0.0,0.9,0.1,2,1.0,0.1
464,1.0,0.0,0.0,1,0.0,0.0
465,0.43,0.57,0.0,2,0.57,0.0
466,1.0,0.0,0.0,1,0.0,0.0
467,1.0,0.0,0.0,1,0.0,0.0
468,1.0,0.0,0.0,1,0.0,0.0
469,1.0,0.0,0.0,1,0.0,0.0
470,1.0,0.0,0.0,1,0.0,0.0
471,0.0,1.0,0.0,2,1.0,0.0
472,0.0,-0.0,1.0,3,1.0,1.0
473,0.0,0.0,1.0,3,1.0,1.0
474,1.0,0.0,0.0,1,0.0,0.0
475,1.0,0.0,0.0,1,0.0,0.0
476,0.0,1.0,0.0,2,1.0,0.0
477,0.0,0.65,0.35,2,1.0,0.35
478,1.0,0.0,0.0,1,0.0,0.0
479,0.04,0.96,0.0,2,0.96,0.0
480,1.0,0.0,0.0,1,0.0,0.0
481,1.0,0.0,0.0,1,0.0,0.0
482,0.0,-0.0,1.0,3,1.0,1.0
483,0.0,-0.0,1.0,3,1.0,1.0
484,1.0,0.0,0.0,1,0.0,0.0
485,1.0,0.0,0.0,1,0.0,0.0
486,-0.0,1.0,0.0,2,1.0,0.0
487,0.0,-0.0,1.0,3,1.0,1.0
488,1.0,0.0,0.0,1,0.0,0.0
489,1.0,0.0,0.0,1,0.0,0.0
490,0.0,1.0,0.0,2,1.0,0.0
491,0.0,1.0,0.0,2,1.0,0.0
492,1.0,0.0,0.0,1,0.0,0.0
493,1.0,0.0,0.0,1,0.0,0.0
494,1.0,0.0,0.0,1,0.0,0.0
495,1.0,0.0,0.0,1,0.0,0.0
496,0.01,0.99,0.0,2,0.99,0.0
497,0.0,0.0,1.0,3,1.0,1.0
498,1.0,0.0,0.0,1,0.0,0.0
499,0.0,0.0,1.0,3,1.0,1.0
500,1.0,0.0,0.0,1,0.0,0.0
501,1.0,0.0,0.0,1,0.0,0.0
502,1.0,0.0,0.0,1,0.0,0.0
503,1.0,0.0,0.0,1,0.0,0.0
504,0.38,0.62,0.0,2,0.62,0.0
505,0.0,0.0,1.0,3,1.0,1.0
506,1.0,0.0,0.0,1,0.0,0.0
507,1.0,0.0,0.0,1,0.0,0.0
508,1.0,0.0,0.0,1,0.0,0.0
509,1.0,0.0,0.0,1,0.0,0.0
510,0.0,1.0,0.0,2,1.0,0.0
511,0.0,1.0,0.0,2,1.0,0.0
512,0.0,1.0,0.0,2,1.0,0.0
513,0.0,0.0,1.0,3,1.0,1.0
514,1.0,0.0,0.0,1,0.0,0.0
515,0.0,0.9,0.1,2,1.0,0.1
516,1.0,0.0,0.0,1,0.0,0.0
517,1.0,0.0,0.0,1,0.0,0.0
518,1.0,0.0,0.0,1,0.0,0.0
519,1.0,0.0,0.0,1,0.0,0.0
520,0.0,0.0,1.0,3,1.0,1.0
521,0.0,0.0,1.0,3,1.0,1.0
522,0.0,0.0,1.0,3,1.0,1.0
523,0.0,-0.0,1.0,3,1.0,1.0
524,1.0,-0.0,0.0,1,0.0,0.0
525,0.98,0.02,0.0,1,0.02,0.0
526,1.0,0.0,0.0,1,0.0,0.0
527,1.0,0.0,0.0,1,0.0,0.0
528,1.0,0.0,0.0,1,0.0,0.0
529,-0.0,1.0,0.0,2,1.0,0.0
530,1.0,0.0,0.0,1,0.0,0.0
531,-0.0,1.0,0.0,2,1.0,0.0
532,1.0,0.0,0.0,1,0.0,0.0
533,0.0,1.0,0.0,2,1.0,0.0
534,1.0,0.0,0.0,1,0.0,0.0
535,1.0,0.0,0.0,1,0.0,0.0
536,1.0,0.0,0.0,1,0.0,0.0
537,0.0,0.0,1.0,3,1.0,1.0
538,1.0,0.0,0.0,1,0.0,0.0
539,0.0,1.0,0.0,2,1.0,0.0
540,1.0,0.0,0.0,1,0.0,0.0
541,0.0,1.0,0.0,2,1.0,0.0
542,1.0,0.0,0.0,1,0.0,0.0
543,1.0,0.0,0.0,1,0.0,0.0
544,1.0,0.0,0.0,1,0.0,0.0
545,0.0,0.0,1.0,3,1.0,1.0
546,1.0,0.0,0.0,1,0.0,0.0
547,0.01,-0.01,1.0,3,0.99,1.0
548,1.0,0.0,0.0,1,0.0,0.0
549,0.0,0.0,1.0,3,1.0,1.0
550,0.96,0.04,0.0,1,0.04,0.0
551,0.0,1.0,0.0,2,1.0,0.0
552,1.0,0.0,0.0,1,0.0,0.0
553,1.0,0.0,0.0,1,0.0,0.0
554,0.0,1.0,0.0,2,1.0,0.0
555,0.0,0.65,0.35,2,1.0,0.35
556,1.0,0.0,0.0,1,0.0,0.0
557,1.0,0.0,0.0,1,0.0,0.0
558,0.0,0.0,1.0,3,1.0,1.0
559,0.0,0.0,1.0,3,1.0,1.0
560,1.0,0.0,0.0,1,0.0,0.0
561,1.0,0.0,0.0,1,0.0,0.0
562,1.0,0.0,0.0,1,0.0,0.0
563,0.0,0.0,1.0,3,1.0,1.0
564,1.0,0.0,0.0,1,0.0,0.0
565,0.0,1.0,0.0,2,1.0,0.0
566,0.0,0.0,1.0,3,1.0,1.0
567,0.0,0.0,1.0,3,1.0,1.0
568,0.0,0.03,0.97,3,1.0,0.97
569,0.0,0.0,1.0,3,1.0,1.0
570,1.0,0.0,0.0,1,0.0,0.0
571,0.0,0.0,1.0,3,1.0,1.0
572,1.0,0.0,0.0,1,0.0,0.0
573,0.45,0.55,0.0,2,0.55,0.0
574,1.0,0.0,0.0,1,0.0,0.0
575,1.0,0.0,0.0,1,0.0,0.0
576,1.0,0.0,0.0,1,0.0,0.0
577,0.0,1.0,0.0,2,1.0,0.0
578,1.0,0.0,0.0,1,0.0,0.0
579,0.93,0.07,0.0,1,0.07,0.0
580,1.0,0.0,0.0,1,0.0,0.0
581,1.0,0.0,0.0,1,0.0,0.0
582,1.0,0.0,0.0,1,0.0,0.0
583,1.0,0.0,0.0,1,0.0,0.0
584,1.0,0.0,0.0,1,0.0,0.0
585,1.0,0.0,0.0,1,0.0,0.0
586,1.0,0.0,0.0,1,0.0,0.0
587,0.0,1.0,0.0,2,1.0,0.0
588,1.0,0.0,0.0,1,0.0,0.0
589,1.0,0.0,0.0,1,0.0,0.0
590,1.0,0.0,0.0,1,0.0,0.0
591,0.0,1.0,0.0,2,1.0,0.0
592,0.0,0.0,1.0,3,1.0,1.0
593,0.0,1.0,0.0,2,1.0,0.0
594,0.0,1.0,0.0,2,1.0,0.0
595,0.0,0.0,1.0,3,1.0,1.0
596,1.0,0.0,0.0,1,0.0,0.0
597,0.0,1.0,0.0,2,1.0,0.0
598,1.0,0.0,0.0,1,0.0,0.0
599,0.0,0.0,1.0,3,1.0,1.0
600,1.0,0.0,0.0,1,0.0,0.0
601,1.0,0.0,0.0,1,0.0,0.0
602,0.0,1.0,0.0,2,1.0,0.0
603,0.0,0.0,1.0,3,1.0,1.0
604,1.0,0.0,0.0,1,0.0,0.0
605,1.0,0.0,0.0,1,0.0,0.0
606,1.0,0.0,0.0,1,0.0,0.0
607,1.0,0.0,0.0,1,0.0,0.0
608,0.0,1.0,0.0,2,1.0,0.0
609,0.91,0.09,0.0,1,0.09,0.0
610,1.0,0.0,0.0,1,0.0,0.0
611,1.0,0.0,0.0,1,0.0,0.0
612,0.7,0.3,0.0,1,0.3,0.0
613,1.0,0.0,0.0,1,0.0,0.0
614,0.91,0.09,0.0,1,0.09,0.0
615,0.0,1.0,0.0,2,1.0,0.0
616,0.0,0.01,0.99,3,1.0,0.99
617,0.0,0.0,1.0,3,1.0,1.0
618,0.98,0.02,0.0,1,0.02,0.0
619,0.0,1.0,0.0,2,1.0,0.0
620,1.0,0.0,0.0,1,0.0,0.0
621,1.0,0.0,0.0,1,0.0,0.0
622,1.0,0.0,0.0,1,0.0,0.0
623,1.0,0.0,0.0,1,0.0,0.0
624,0.0,0.93,0.07,2,1.0,0.07
625,0.0,0.0,1.0,3,1.0,1.0
626,1.0,0.0,0.0,1,0.0,0.0
627,0.0,0.65,0.35,2,1.0,0.35
628,1.0,0.0,0.0,1,0.0,0.0
629,1.0,0.0,0.0,1,0.0,0.0
630,1.0,0.0,0.0,1,0.0,0.0
631,1.0,0.0,0.0,1,0.0,0.0
632,1.0,0.0,0.0,1,0.0,0.0
633,0.48,0.52,0.0,2,0.52,0.0
634,1.0,0.0,0.0,1,0.0,0.0
635,1.0,0.0,0.0,1,0.0,0.0
636,1.0,0.0,0.0,1,0.0,0.0
637,1.0,0.0,0.0,1,0.0,0.0
638,1.0,0.0,0.0,1,0.0,0.0
639,1.0,0.0,0.0,1,0.0,0.0
640,1.0,0.0,0.0,1,0.0,0.0
641,1.0,0.0,0.0,1,0.0,0.0
642,0.98,0.02,0.0,1,0.02,0.0
643,0.0,-0.0,1.0,3,1.0,1.0
644,1.0,0.0,0.0,1,0.0,0.0
645,1.0,0.0,0.0,1,0.0,0.0
646,1.0,0.0,0.0,1,0.0,0.0
647,1.0,0.0,0.0,1,0.0,0.0
648,1.0,0.0,0.0,1,0.0,0.0
649,0.0,1.0,0.0,2,1.0,0.0
650,1.0,0.0,0.0,1,0.0,0.0
651,0.0,1.0,0.0,2,1.0,0.0
652,0.0,0.03,0.97,3,1.0,0.97
653,0.0,0.0,1.0,3,1.0,1.0
654,1.0,0.0,0.0,1,0.0,0.0
655,1.0,0.0,0.0,1,0.0,0.0
656,0.72,0.28,0.0,1,0.28,0.0
657,0.0,0.0,1.0,3,1.0,1.0
658,1.0,0.0,0.0,1,0.0,0.0
659,1.0,0.0,0.0,1,0.0,0.0
660,0.0,0.64,0.36,2,1.0,0.36
661,0.0,0.0,1.0,3,1.0,1.0
662,1.0,0.0,0.0,1,0.0,0.0
663,1.0,0.0,0.0,1,0.0,0.0
664,1.0,0.0,0.0,1,0.0,0.0
665,1.0,0.0,0.0,1,0.0,0.0
666,1.0,0.0,0.0,1,0.0,0.0
667,1.0,0.0,0.0,1,0.0,0.0
668,1.0,0.0,0.0,1,0.0,0.0
669,1.0,0.0,0.0,1,0.0,0.0
670,1.0,0.0,0.0,1,0.0,0.0
671,1.0,0.0,0.0,1,0.0,0.0
672,1.0,0.0,0.0,1,0.0,0.0
673,1.0,0.0,0.0,1,0.0,0.0
674,0.0,0.01,0.99,3,1.0,0.99
675,0.0,0.0,1.0,3,1.0,1.0
676,0.0,1.0,0.0,2,1.0,0.0
677,0.0,1.0,0.0,2,1.0,0.0
678,0.0,1.0,0.0,2,1.0,0.0
679,0.0,1.0,0.0,2,1.0,0.0
680,1.0,0.0,0.0,1,0.0,0.0
681,0.0,0.0,1.0,3,1.0,1.0
682,1.0,0.0,0.0,1,0.0,0.0
683,0.0,1.0,0.0,2,1.0,0.0
684,1.0,0.0,0.0,1,0.0,0.0
685,1.0,0.0,0.0,1,0.0,0.0
686,0.0,1.0,0.0,2,1.0,0.0
687,0.0,0.0,1.0,3,1.0,1.0
688,1.0,0.0,0.0,1,0.0,0.0
689,0.0,1.0,0.0,2,1.0,0.0
690,1.0,0.0,0.0,1,0.0,0.0
691,-0.0,1.0,0.0,2,1.0,0.0
692,1.0,0.0,0.0,1,0.0,0.0
693,-0.0,1.0,0.0,2,1.0,0.0
694,0.0,0.65,0.35,2,1.0,0.35
695,0.0,0.0,1.0,3,1.0,1.0
696,0.0,0.0,1.0,3,1.0,1.0
697,0.0,0.0,1.0,3,1.0,1.0
698,1.0,0.0,0.0,1,0.0,0.0
699,1.0,0.0,0.0,1,0.0,0.0
700,1.0,0.0,0.0,1,0.0,0.0
701,1.0,0.0,0.0,1,0.0,0.0
702,1.0,0.0,0.0,1,0.0,0.0
703,1.0,0.0,0.0,1,0.0,0.0
704,1.0,0.0,0.0,1,0.0,0.0
705,1.0,0.0,0.0,1,0.0,0.0
706,1.0,0.0,0.0,1,0.0,0.0
707,0.0,1.0,0.0,2,1.0,0.0
708,1.0,0.0,0.0,1,0.0,0.0
709,0.0,1.0,0.0,2,1.0,0.0
710,1.0,0.0,0.0,1,0.0,0.0
711,1.0,0.0,0.0,1,0.0,0.0
712,1.0,0.0,0.0,1,0.0,0.0
713,1.0,0.0,0.0,1,0.0,0.0
714,1.0,0.0,0.0,1,0.0,0.0
715,0.99,0.01,0.0,1,0.01,0.0
716,1.0,0.0,0.0,1,0.0,0.0
717,1.0,0.0,0.0,1,0.0,0.0
718,1.0,-0.0,0.0,1,0.0,0.0
719,0.0,0.0,1.0,3,1.0,1.0
720,1.0,0.0,0.0,1,0.0,0.0
721,1.0,0.0,0.0,1,0.0,0.0
722,1.0,0.0,0.0,1,0.0,0.0
723,1.0,0.0,0.0,1,0.0,0.0
724,1.0,0.0,0.0,1,0.0,0.0
725,1.0,0.0,0.0,1,0.0,0.0
726,1.0,0.0,0.0,1,0.0,0.0
727,0.0,1.0,0.0,2,1.0,0.0
728,1.0,0.0,0.0,1,0.0,0.0
729,0.0,1.0,0.0,2,1.0,0.0
730,1.0,0.0,0.0,1,0.0,0.0
731,1.0,0.0,0.0,1,0.0,0.0
732,0.0,0.0,1.0,3,1.0,1.0
733,0.0,0.0,1.0,3,1.0,1.0
734,1.0,0.0,0.0,1,0.0,0.0
735,1.0,0.0,0.0,1,0.0,0.0
736,1.0,0.0,0.0,1,0.0,0.0
737,1.0,0.0,0.0,1,0.0,0.0
738,1.0,0.0,0.0,1,0.0,0.0
739,1.0,0.0,0.0,1,0.0,0.0
740,1.0,0.0,0.0,1,0.0,0.0
741,0.0,1.0,0.0,2,1.0,0.0
742,1.0,0.0,0.0,1,0.0,0.0
743,1.0,0.0,0.0,1,0.0,0.0
744,1.0,0.0,0.0,1,0.0,0.0
745,1.0,0.0,0.0,1,0.0,0.0
746,1.0,0.0,0.0,1,0.0,0.0
747,0.0,1.0,0.0,2,1.0,0.0
748,1.0,0.0,0.0,1,0.0,0.0
749,0.0,0.0,1.0,3,1.0,1.0
750,1.0,0.0,0.0,1,0.0,0.0
751,0.0,1.0,0.0,2,1.0,0.0
752,1.0,0.0,0.0,1,0.0,0.0
753,1.0,0.0,0.0,1,0.0,0.0
754,1.0,0.0,0.0,1,0.0,0.0
755,0.98,0.02,0.0,1,0.02,0.0
756,1.0,0.0,0.0,1,0.0,0.0
757,1.0,0.0,0.0,1,0.0,0.0
758,1.0,0.0,0.0,1,0.0,0.0
759,0.0,1.0,0.0,2,1.0,0.0
760,0.0,0.0,1.0,3,1.0,1.0
761,0.0,0.0,1.0,3,1.0,1.0
762,0.99,0.01,0.0,1,0.01,0.0
763,0.0,1.0,0.0,2,1.0,0.0
764,1.0,0.0,0.0,1,0.0,0.0
765,1.0,0.0,0.0,1,0.0,0.0
766,1.0,0.0,0.0,1,0.0,0.0
767,0.92,0.08,0.0,1,0.08,0.0
768,0.0,1.0,0.0,2,1.0,0.0
769,0.0,0.03,0.97,3,1.0,0.97
770,0.0,0.01,0.99,3,1.0,0.99
771,0.0,0.01,0.99,3,1.0,0.99
772,1.0,0.0,0.0,1,0.0,0.0
773,0.0,0.0,1.0,3,1.0,1.0
774,1.0,0.0,0.0,1,0.0,0.0
775,1.0,0.0,0.0,1,0.0,0.0
776,1.0,0.0,0.0,1,0.0,0.0
777,0.0,1.0,0.0,2,1.0,0.0
778,1.0,0.0,0.0,1,0.0,0.0
779,1.0,0.0,0.0,1,0.0,0.0
780,1.0,0.0,0.0,1,0.0,0.0
781,1.0,0.0,0.0,1,0.0,0.0
782,1.0,0.0,0.0,1,0.0,0.0
783,1.0,0.0,0.0,1,0.0,0.0
784,1.0,0.0,0.0,1,0.0,0.0
785,0.99,0.01,0.0,1,0.01,0.0
786,1.0,0.0,0.0,1,0.0,0.0
787,1.0,0.0,0.0,1,0.0,0.0
788,1.0,0.0,0.0,1,0.0,0.0
789,1.0,0.0,0.0,1,0.0,0.0
790,1.0,0.0,0.0,1,0.0,0.0
791,1.0,0.0,0.0,1,0.0,0.0
792,1.0,0.0,0.0,1,0.0,0.0
793,0.0,0.0,1.0,3,1.0,1.0
794,0.01,0.99,0.0,2,0.99,0.0
795,0.0,1.0,0.0,2,1.0,0.0
796,1.0,0.0,0.0,1,0.0,0.0
797,1.0,0.0,0.0,1,0.0,0.0
798,1.0,0.0,0.0,1,0.0,0.0
799,0.0,1.0,0.0,2,1.0,0.0
800,1.0,0.0,0.0,1,0.0,0.0
801,1.0,0.0,0.0,1,0.0,0.0
802,0.0,1.0,0.0,2,1.0,0.0
803,0.0,1.0,0.0,2,1.0,0.0
804,1.0,-0.0,0.0,1,0.0,0.0
805,1.0,0.0,0.0,1,0.0,0.0
806,1.0,0.0,0.0,1,0.0,0.0
807,1.0,0.0,0.0,1,0.0,0.0
808,1.0,0.0,0.0,1,0.0,0.0
809,0.0,0.0,1.0,3,1.0,1.0
810,1.0,0.0,0.0,1,0.0,0.0
811,1.0,0.0,0.0,1,0.0,0.0
812,1.0,0.0,0.0,1,0.0,0.0
813,0.0,0.0,1.0,3,1.0,1.0
814,1.0,0.0,0.0,1,0.0,0.0
815,1.0,0.0,0.0,1,0.0,0.0
816,1.0,0.0,0.0,1,0.0,0.0
817,1.0,0.0,0.0,1,0.0,0.0
818,1.0,0.0,0.0,1,0.0,0.0
819,1.0,0.0,0.0,1,0.0,0.0
820,1.0,0.0,0.0,1,0.0,0.0
821,1.0,0.0,0.0,1,0.0,0.0
822,0.0,0.0,1.0,3,1.0,1.0
823,0.0,0.0,1.0,3,1.0,1.0
824,0.0,0.03,0.97,3,1.0,0.97
825,0.0,0.0,1.0,3,1.0,1.0
826,0.01,0.99,0.0,2,0.99,0.0
827,0.0,1.0,0.0,2,1.0,0.0
828,1.0,0.0,0.0,1,0.0,0.0
829,1.0,0.0,0.0,1,0.0,0.0
830,1.0,0.0,0.0,1,0.0,0.0
831,0.45,0.55,0.0,2,0.55,0.0
832,1.0,0.0,0.0,1,0.0,0.0
833,1.0,0.0,0.0,1,0.0,0.0
834,1.0,0.0,0.0,1,0.0,0.0
835,1.0,0.0,0.0,1,0.0,0.0
836,1.0,0.0,0.0,1,0.0,0.0
837,1.0,0.0,0.0,1,0.0,0.0
838,1.0,0.0,0.0,1,0.0,0.0
839,0.0,0.9,0.1,2,1.0,0.1
840,0.09,0.91,0.0,2,0.91,0.0
841,0.92,0.08,0.0,1,0.08,0.0
842,0.0,1.0,0.0,2,1.0,0.0
843,0.0,0.0,1.0,3,1.0,1.0
844,1.0,0.0,0.0,1,0.0,0.0
845,1.0,0.0,0.0,1,0.0,0.0
846,0.0,0.03,0.97,3,1.0,0.97
847,0.0,0.0,1.0,3,1.0,1.0
848,1.0,0.0,0.0,1,0.0,0.0
849,0.0,0.0,1.0,3,1.0,1.0
850,1.0,0.0,0.0,1,0.0,0.0
851,1.0,0.0,0.0,1,0.0,0.0
852,1.0,0.0,0.0,1,0.0,0.0
853,1.0,0.0,0.0,1,0.0,0.0
854,0.43,-0.4,0.97,3,0.57,0.97
855,0.0,1.0,0.0,2,1.0,0.0
856,1.0,0.0,0.0,1,0.0,0.0
857,1.0,0.0,0.0,1,0.0,0.0
858,1.0,0.0,0.0,1,0.0,0.0
859,1.0,0.0,0.0,1,0.0,0.0
860,1.0,-0.0,0.0,1,0.0,0.0
861,0.0,0.0,1.0,3,1.0,1.0
862,0.03,0.97,0.0,2,0.97,0.0
863,0.0,0.0,1.0,3,1.0,1.0
864,0.0,1.0,0.0,2,1.0,0.0
865,0.0,0.0,1.0,3,1.0,1.0
866,1.0,0.0,0.0,1,0.0,0.0
867,0.0,0.9,0.1,2,1.0,0.1
868,1.0,0.0,0.0,1,0.0,0.0
869,0.0,1.0,0.0,2,1.0,0.0
870,1.0,0.0,0.0,1,0.0,0.0
871,0.0,0.0,1.0,3,1.0,1.0
872,1.0,0.0,0.0,1,0.0,0.0
873,0.0,0.0,1.0,3,1.0,1.0
874,1.0,0.0,0.0,1,0.0,0.0
875,1.0,0.0,0.0,1,0.0,0.0
876,1.0,0.0,0.0,1,0.0,0.0
877,1.0,0.0,0.0,1,0.0,0.0
878,1.0,-0.0,0.0,1,0.0,0.0
879,0.0,0.0,1.0,3,1.0,1.0
880,1.0,0.0,0.0,1,0.0,0.0
881,1.0,0.0,0.0,1,0.0,0.0
882,0.0,1.0,0.0,2,1.0,0.0
883,0.75,0.25,0.0,1,0.25,0.0
884,1.0,0.0,0.0,1,0.0,0.0
885,0.98,0.02,0.0,1,0.02,0.0
886,0.0,1.0,0.0,2,1.0,0.0
887,0.0,1.0,0.0,2,1.0,0.0
888,1.0,0.0,0.0,1,0.0,0.0
889,1.0,0.0,0.0,1,0.0,0.0
890,1.0,0.0,0.0,1,0.0,0.0
891,1.0,0.0,0.0,1,0.0,0.0
892,1.0,0.0,0.0,1,0.0,0.0
893,1.0,0.0,0.0,1,0.0,0.0
894,1.0,0.0,0.0,1,0.0,0.0
895,1.0,0.0,0.0,1,0.0,0.0
896,1.0,0.0,0.0,1,0.0,0.0
897,1.0,0.0,0.0,1,0.0,0.0
898,1.0,0.0,0.0,1,0.0,0.0
899,1.0,0.0,0.0,1,0.0,0.0
900,1.0,0.0,0.0,1,0.0,0.0
901,0.0,0.0,1.0,3,1.0,1.0
902,1.0,0.0,0.0,1,0.0,0.0
903,1.0,0.0,0.0,1,0.0,0.0
904,1.0,0.0,0.0,1,0.0,0.0
905,0.0,0.0,1.0,3,1.0,1.0
906,0.0,1.0,0.0,2,1.0,0.0
907,0.0,0.0,1.0,3,1.0,1.0
908,1.0,0.0,0.0,1,0.0,0.0
909,0.0,1.0,0.0,2,1.0,0.0
910,1.0,0.0,0.0,1,0.0,0.0
911,0.0,1.0,0.0,2,1.0,0.0
912,1.0,0.0,0.0,1,0.0,0.0
913,1.0,0.0,0.0,1,0.0,0.0
914,1.0,0.0,0.0,1,0.0,0.0
915,1.0,0.0,0.0,1,0.0,0.0
916,1.0,0.0,0.0,1,0.0,0.0
917,1.0,0.0,0.0,1,0.0,0.0
918,1.0,0.0,0.0,1,0.0,0.0
919,0.0,0.0,1.0,3,1.0,1.0
920,1.0,0.0,0.0,1,0.0,0.0
921,1.0,0.0,0.0,1,0.0,0.0
922,0.99,0.01,0.0,1,0.01,0.0
923,0.0,1.0,0.0,2,1.0,0.0
924,0.37,0.63,0.0,2,0.63,0.0
925,0.0,0.03,0.97,3,1.0,0.97
926,0.45,0.55,0.0,2,0.55,0.0
927,0.0,0.9,0.1,2,1.0,0.1
928,1.0,0.0,0.0,1,0.0,0.0
929,0.92,0.08,0.0,1,0.08,0.0
930,0.62,0.38,0.0,1,0.38,0.0
931,0.0,1.0,0.0,2,1.0,0.0
932,1.0,-0.0,0.0,1,0.0,0.0
933,1.0,0.0,0.0,1,0.0,0.0
934,0.04,0.96,0.0,2,0.96,0.0
935,-0.0,1.0,0.0,2,1.0,0.0
936,1.0,0.0,0.0,1,0.0,0.0
937,0.0,1.0,0.0,2,1.0,0.0
938,1.0,0.0,0.0,1,0.0,0.0
939,1.0,0.0,0.0,1,0.0,0.0
940,1.0,0.0,0.0,1,0.0,0.0
941,1.0,0.0,0.0,1,0.0,0.0
942,1.0,0.0,0.0,1,0.0,0.0
943,0.0,1.0,0.0,2,1.0,0.0
944,1.0,0.0,0.0,1,0.0,0.0
945,-0.0,1.0,0.0,2,1.0,0.0
946,0.47,0.53,0.0,2,0.53,0.0
947,0.0,0.0,1.0,3,1.0,1.0
948,1.0,0.0,0.0,1,0.0,0.0
949,1.0,0.0,0.0,1,0.0,0.0
950,1.0,0.0,0.0,1,0.0,0.0
951,0.0,1.0,0.0,2,1.0,0.0
952,0.0,1.0,0.0,2,1.0,0.0
953,0.0,0.0,1.0,3,1.0,1.0
954,1.0,0.0,0.0,1,0.0,0.0
955,0.0,0.03,0.97,3,1.0,0.97
956,1.0,0.0,0.0,1,0.0,0.0
957,1.0,0.0,0.0,1,0.0,0.0
958,1.0,0.0,0.0,1,0.0,0.0
959,1.0,0.0,0.0,1,0.0,0.0
960,1.0,-1.0,1.0,1,0.0,1.0
961,0.0,0.9,0.1,2,1.0,0.1
962,1.0,0.0,0.0,1,0.0,0.0
963,1.0,0.0,0.0,1,0.0,0.0
964,0.0,0.0,1.0,3,1.0,1.0
965,0.0,0.0,1.0,3,1.0,1.0
966,1.0,0.0,0.0,1,0.0,0.0
967,1.0,0.0,0.0,1,0.0,0.0
968,1.0,0.0,0.0,1,0.0,0.0
969,0.98,0.02,0.0,1,0.02,0.0
970,-0.0,1.0,0.0,2,1.0,0.0
971,0.0,0.0,1.0,3,1.0,1.0
972,1.0,0.0,0.0,1,0.0,0.0
973,1.0,0.0,0.0,1,0.0,0.0
974,1.0,0.0,0.0,1,0.0,0.0
975,1.0,0.0,0.0,1,0.0,0.0
976,1.0,0.0,0.0,1,0.0,0.0
977,1.0,0.0,0.0,1,0.0,0.0
978,1.0,0.0,0.0,1,0.0,0.0
979,1.0,0.0,0.0,1,0.0,0.0
980,1.0,0.0,0.0,1,0.0,0.0
981,1.0,0.0,0.0,1,0.0,0.0
982,1.0,0.0,0.0,1,0.0,0.0
983,1.0,0.0,0.0,1,0.0,0.0
984,1.0,0.0,0.0,1,0.0,0.0
985,1.0,0.0,0.0,1,0.0,0.0
986,1.0,0.0,0.0,1,0.0,0.0
987,1.0,0.0,0.0,1,0.0,0.0
988,1.0,0.0,0.0,1,0.0,0.0
989,1.0,0.0,0.0,1,0.0,0.0
990,0.98,0.02,0.0,1,0.02,0.0
991,0.0,0.0,1.0,3,1.0,1.0
992,1.0,0.0,0.0,1,0.0,0.0
993,0.0,0.0,1.0,3,1.0,1.0
994,1.0,0.0,0.0,1,0.0,0.0
995,0.0,0.0,1.0,3,1.0,1.0
996,0.0,0.03,0.97,3,1.0,0.97
997,0.0,1.0,0.0,2,1.0,0.0
998,-0.0,1.0,0.0,2,1.0,0.0
999,0.0,1.0,0.0,2,1.0,0.0
1000,1.0,0.0,0.0,1,0.0,0.0
1001,1.0,0.0,0.0,1,0.0,0.0
1002,1.0,0.0,0.0,1,0.0,0.0
1003,1.0,0.0,0.0,1,0.0,0.0
1004,1.0,0.0,0.0,1,0.0,0.0
1005,1.0,0.0,0.0,1,0.0,0.0
1006,1.0,0.0,0.0,1,0.0,0.0
1007,1.0,0.0,0.0,1,0.0,0.0
1008,0.03,0.97,0.0,2,0.97,0.0
1009,0.0,1.0,0.0,2,1.0,0.0
1010,0.99,0.01,0.0,1,0.01,0.0
1011,1.0,0.0,0.0,1,0.0,0.0
1012,1.0,0.0,0.0,1,0.0,0.0
1013,1.0,0.0,0.0,1,0.0,0.0
1014,1.0,0.0,0.0,1,0.0,0.0
1015,0.0,0.0,1.0,3,1.0,1.0
1016,1.0,-0.0,0.0,1,0.0,0.0
1017,0.0,0.0,1.0,3,1.0,1.0
1018,1.0,0.0,0.0,1,0.0,0.0
1019,1.0,0.0,0.0,1,0.0,0.0
1020,0.0,1.0,0.0,2,1.0,0.0
1021,0.0,1.0,0.0,2,1.0,0.0
1022,1.0,0.0,0.0,1,0.0,0.0
1023,1.0,0.0,0.0,1,0.0,0.0
1024,1.0,0.0,0.0,1,0.0,0.0
1025,1.0,0.0,0.0,1,0.0,0.0
1026,1.0,0.0,0.0,1,0.0,0.0
1027,1.0,0.0,0.0,1,0.0,0.0
1028,1.0,0.0,0.0,1,0.0,0.0
1029,0.0,1.0,0.0,2,1.0,0.0
1030,1.0,0.0,0.0,1,0.0,0.0
1031,0.17,0.83,0.0,2,0.83,0.0
1032,0.66,-0.66,1.0,3,0.34,1.0
1033,0.0,0.0,1.0,3,1.0,1.0
1034,0.0,0.01,0.99,3,1.0,0.99
1035,0.0,0.0,1.0,3,1.0,1.0
1036,1.0,0.0,0.0,1,0.0,0.0
1037,0.0,1.0,0.0,2,1.0,0.0
1038,0.01,0.99,0.0,2,0.99,0.0
1039,1.0,0.0,0.0,1,0.0,0.0
1040,1.0,0.0,0.0,1,0.0,0.0
1041,1.0,0.0,0.0,1,0.0,0.0
1042,1.0,0.0,0.0,1,0.0,0.0
1043,1.0,0.0,0.0,1,0.0,0.0
1044,1.0,0.0,0.0,1,0.0,0.0
1045,1.0,0.0,0.0,1,0.0,0.0
1046,1.0,0.0,0.0,1,0.0,0.0
1047,1.0,0.0,0.0,1,0.0,0.0
1048,1.0,0.0,0.0,1,0.0,0.0
1049,1.0,0.0,0.0,1,0.0,0.0
1050,1.0,0.0,0.0,1,0.0,0.0
1051,1.0,0.0,0.0,1,0.0,0.0
1052,1.0,0.0,0.0,1,0.0,0.0
1053,1.0,0.0,0.0,1,0.0,0.0
1054,1.0,0.0,0.0,1,0.0,0.0
1055,0.0,1.0,0.0,2,1.0,0.0
1056,1.0,0.0,0.0,1,0.0,0.0
1057,0.99,0.01,0.0,1,0.01,0.0
1058,1.0,0.0,0.0,1,0.0,0.0
1059,1.0,0.0,0.0,1,0.0,0.0
1060,0.27,-0.24,0.97,3,0.73,0.97
1061,0.0,0.0,1.0,3,1.0,1.0
1062,1.0,0.0,0.0,1,0.0,0.0
1063,1.0,0.0,0.0,1,0.0,0.0
1064,1.0,-0.97,0.97,1,0.0,0.97
1065,0.0,0.0,1.0,3,1.0,1.0
1066,1.0,0.0,0.0,1,0.0,0.0
1067,0.01,0.99,0.0,2,0.99,0.0
1068,1.0,0.0,0.0,1,0.0,0.0
1069,0.48,0.52,0.0,2,0.52,0.0
1070,1.0,0.0,0.0,1,0.0,0.0
1071,1.0,0.0,0.0,1,0.0,0.0
1072,1.0,0.0,0.0,1,0.0,0.0
1073,0.0,-0.0,1.0,3,1.0,1.0
1074,0.98,0.02,0.0,1,0.02,0.0
1075,0.0,1.0,0.0,2,1.0,0.0
1076,1.0,0.0,0.0,1,0.0,0.0
1077,1.0,0.0,0.0,1,0.0,0.0
1078,1.0,0.0,0.0,1,0.0,0.0
1079,1.0,0.0,0.0,1,0.0,0.0
1080,1.0,-0.0,0.0,1,0.0,0.0
1081,1.0,0.0,0.0,1,0.0,0.0
1082,1.0,0.0,0.0,1,0.0,0.0
1083,0.0,1.0,0.0,2,1.0,0.0
1084,1.0,0.0,0.0,1,0.0,0.0
1085,0.0,0.0,1.0,3,1.0,1.0
1086,1.0,0.0,0.0,1,0.0,0.0
1087,1.0,0.0,0.0,1,0.0,0.0
1088,1.0,0.0,0.0,1,0.0,0.0
1089,1.0,0.0,0.0,1,0.0,0.0
1090,0.0,0.0,1.0,3,1.0,1.0
1091,0.01,0.99,0.0,2,0.99,0.0
1092,1.0,0.0,0.0,1,0.0,0.0
1093,0.0,1.0,0.0,2,1.0,0.0
1094,1.0,0.0,0.0,1,0.0,0.0
1095,0.0,1.0,0.0,2,1.0,0.0
1096,1.0,0.0,0.0,1,0.0,0.0
1097,1.0,0.0,0.0,1,0.0,0.0
1098,1.0,0.0,0.0,1,0.0,0.0
1099,0.47,0.53,0.0,2,0.53,0.0
1100,1.0,0.0,0.0,1,0.0,0.0
1101,1.0,0.0,0.0,1,0.0,0.0
1102,1.0,0.0,0.0,1,0.0,0.0
1103,1.0,0.0,0.0,1,0.0,0.0
1104,0.0,1.0,0.0,2,1.0,0.0
1105,0.0,0.0,1.0,3,1.0,1.0
1106,1.0,0.0,0.0,1,0.0,0.0
1107,1.0,0.0,0.0,1,0.0,0.0
1108,1.0,0.0,0.0,1,0.0,0.0
1109,1.0,0.0,0.0,1,0.0,0.0
1110,1.0,0.0,0.0,1,0.0,0.0
1111,0.0,1.0,0.0,2,1.0,0.0
1112,1.0,0.0,0.0,1,0.0,0.0
1113,1.0,0.0,0.0,1,0.0,0.0
1114,0.17,0.83,0.0,2,0.83,0.0
1115,0.0,0.9,0.1,2,1.0,0.1
1116,1.0,0.0,0.0,1,0.0,0.0
1117,0.0,1.0,0.0,2,1.0,0.0
1118,1.0,0.0,0.0,1,0.0,0.0
1119,1.0,0.0,0.0,1,0.0,0.0
1120,1.0,-0.0,0.0,1,0.0,0.0
1121,0.0,1.0,0.0,2,1.0,0.0
1122,1.0,0.0,0.0,1,0.0,0.0
1123,1.0,0.0,0.0,1,0.0,0.0
1124,1.0,0.0,0.0,1,0.0,0.0
1125,1.0,0.0,0.0,1,0.0,0.0
1126,1.0,0.0,0.0,1,0.0,0.0
1127,0.0,1.0,0.0,2,1.0,0.0
1128,1.0,0.0,0.0,1,0.0,0.0
1129,1.0,0.0,0.0,1,0.0,0.0
1130,1.0,0.0,0.0,1,0.0,0.0
1131,1.0,0.0,0.0,1,0.0,0.0
1132,1.0,0.0,0.0,1,0.0,0.0
1133,0.0,0.0,1.0,3,1.0,1.0
1134,1.0,0.0,0.0,1,0.0,0.0
1135,1.0,0.0,0.0,1,0.0,0.0
1136,1.0,0.0,0.0,1,0.0,0.0
1137,0.0,0.03,0.97,3,1.0,0.97
1138,1.0,0.0,0.0,1,0.0,0.0
1139,1.0,0.0,0.0,1,0.0,0.0
1140,1.0,0.0,0.0,1,0.0,0.0
1141,1.0,0.0,0.0,1,0.0,0.0
1142,1.0,0.0,0.0,1,0.0,0.0
1143,1.0,0.0,0.0,1,0.0,0.0
1144,0.27,-0.27,1.0,3,0.73,1.0
1145,0.0,0.0,1.0,3,1.0,1.0
1146,1.0,0.0,0.0,1,0.0,0.0
1147,1.0,0.0,0.0,1,0.0,0.0
1148,0.0,0.0,1.0,3,1.0,1.0
1149,0.0,0.0,1.0,3,1.0,1.0
1150,1.0,0.0,0.0,1,0.0,0.0
1151,1.0,0.0,0.0,1,0.0,0.0
1152,1.0,0.0,0.0,1,0.0,0.0
1153,1.0,0.0,0.0,1,0.0,0.0
1154,0.45,0.55,0.0,2,0.55,0.0
1155,0.0,0.9,0.1,2,1.0,0.1
1156,1.0,0.0,0.0,1,0.0,0.0
1157,1.0,0.0,0.0,1,0.0,0.0
1158,1.0,0.0,0.0,1,0.0,0.0
1159,1.0,0.0,0.0,1,0.0,0.0
1160,1.0,0.0,0.0,1,0.0,0.0
1161,1.0,0.0,0.0,1,0.0,0.0
1162,1.0,0.0,0.0,1,0.0,0.0
1163,0.0,1.0,0.0,2,1.0,0.0
1164,1.0,0.0,0.0,1,0.0,0.0
1165,1.0,0.0,0.0,1,0.0,0.0
1166,1.0,0.0,0.0,1,0.0,0.0
1167,0.0,0.0,1.0,3,1.0,1.0
1168,1.0,0.0,0.0,1,0.0,0.0
1169,1.0,0.0,0.0,1,0.0,0.0
1170,1.0,0.0,0.0,1,0.0,0.0
1171,1.0,0.0,0.0,1,0.0,0.0
1172,1.0,-0.0,0.0,1,0.0,0.0
1173,0.0,0.03,0.97,3,1.0,0.97
1174,0.99,0.01,0.0,1,0.01,0.0
1175,1.0,0.0,0.0,1,0.0,0.0
1176,1.0,0.0,0.0,1,0.0,0.0
1177,0.0,1.0,0.0,2,1.0,0.0
1178,1.0,0.0,0.0,1,0.0,0.0
1179,1.0,0.0,0.0,1,0.0,0.0
1180,1.0,0.0,0.0,1,0.0,0.0
1181,1.0,0.0,0.0,1,0.0,0.0
1182,-0.0,1.0,0.0,2,1.0,0.0
1183,0.0,1.0,0.0,2,1.0,0.0
1184,1.0,0.0,0.0,1,0.0,0.0
1185,1.0,0.0,0.0,1,0.0,0.0
1186,1.0,0.0,0.0,1,0.0,0.0
1187,1.0,0.0,0.0,1,0.0,0.0
1188,1.0,0.0,0.0,1,0.0,0.0
1189,0.01,0.99,0.0,2,0.99,0.0
1190,1.0,0.0,0.0,1,0.0,0.0
1191,1.0,0.0,0.0,1,0.0,0.0
1192,1.0,0.0,0.0,1,0.0,0.0
1193,0.0,0.03,0.97,3,1.0,0.97
1194,1.0,-0.0,0.0,1,0.0,0.0
1195,0.0,0.03,0.97,3,1.0,0.97
1196,1.0,0.0,0.0,1,0.0,0.0
1197,1.0,0.0,0.0,1,0.0,0.0
1198,1.0,0.0,0.0,1,0.0,0.0
1199,1.0,0.0,0.0,1,0.0,0.0
1200,0.0,0.0,1.0,3,1.0,1.0
1201,0.0,0.0,1.0,3,1.0,1.0
1202,1.0,0.0,0.0,1,0.0,0.0
1203,1.0,0.0,0.0,1,0.0,0.0
1204,0.0,0.0,1.0,3,1.0,1.0
1205,0.0,0.0,1.0,3,1.0,1.0
1206,1.0,0.0,0.0,1,0.0,0.0
1207,0.0,1.0,0.0,2,1.0,0.0
1208,1.0,0.0,0.0,1,0.0,0.0
1209,1.0,0.0,0.0,1,0.0,0.0
1210,1.0,0.0,0.0,1,0.0,0.0
1211,1.0,0.0,0.0,1,0.0,0.0
1212,1.0,0.0,0.0,1,0.0,0.0
1213,1.0,0.0,0.0,1,0.0,0.0
1214,0.16,-0.15,0.99,3,0.84,0.99
1215,0.16,-0.15,0.99,3,0.84,0.99
1216,1.0,0.0,0.0,1,0.0,0.0
1217,1.0,0.0,0.0,1,0.0,0.0
1218,1.0,0.0,0.0,1,0.0,0.0
1219,1.0,0.0,0.0,1,0.0,0.0
1220,1.0,0.0,0.0,1,0.0,0.0
1221,0.0,1.0,0.0,2,1.0,0.0
1222,1.0,0.0,0.0,1,0.0,0.0
1223,1.0,0.0,0.0,1,0.0,0.0
1224,1.0,0.0,0.0,1,0.0,0.0
1225,1.0,0.0,0.0,1,0.0,0.0
1226,1.0,0.0,0.0,1,0.0,0.0
1227,1.0,0.0,0.0,1,0.0,0.0
1228,0.0,-0.0,1.0,3,1.0,1.0
1229,1.0,0.0,0.0,1,0.0,0.0
1230,0.0,0.9,0.1,2,1.0,0.1
1231,0.0,0.9,0.1,2,1.0,0.1
1232,1.0,0.0,0.0,1,0.0,0.0
1233,1.0,0.0,0.0,1,0.0,0.0
1234,1.0,0.0,0.0,1,0.0,0.0
1235,1.0,0.0,0.0,1,0.0,0.0
1236,0.0,-0.0,1.0,3,1.0,1.0
1237,0.0,-0.0,1.0,3,1.0,1.0
1238,1.0,0.0,0.0,1,0.0,0.0
1239,1.0,0.0,0.0,1,0.0,0.0
1240,1.0,0.0,0.0,1,0.0,0.0
1241,1.0,0.0,0.0,1,0.0,0.0
1242,1.0,0.0,0.0,1,0.0,0.0
1243,1.0,0.0,0.0,1,0.0,0.0
1244,1.0,0.0,0.0,1,0.0,0.0
1245,1.0,0.0,0.0,1,0.0,0.0
1246,0.0,1.0,0.0,2,1.0,0.0
1247,0.0,-0.0,1.0,3,1.0,1.0
1248,1.0,0.0,0.0,1,0.0,0.0
1249,1.0,0.0,0.0,1,0.0,0.0
1250,0.0,0.0,1.0,3,1.0,1.0
1251,0.0,0.0,1.0,3,1.0,1.0
1252,1.0,0.0,0.0,1,0.0,0.0
1253,1.0,-0.0,0.0,1,0.0,0.0
1254,1.0,0.0,0.0,1,0.0,0.0
1255,1.0,0.0,0.0,1,0.0,0.0
1256,1.0,0.0,0.0,1,0.0,0.0
1257,1.0,0.0,0.0,1,0.0,0.0
1258,1.0,0.0,0.0,1,0.0,0.0
1259,0.0,1.0,0.0,2,1.0,0.0
1260,1.0,0.0,0.0,1,0.0,0.0
1261,0.41,0.59,0.0,2,0.59,0.0
1262,1.0,0.0,0.0,1,0.0,0.0
1263,1.0,0.0,0.0,1,0.0,0.0
1264,1.0,0.0,0.0,1,0.0,0.0
1265,0.98,0.02,0.0,1,0.02,0.0
1266,1.0,0.0,0.0,1,0.0,0.0
1267,1.0,0.0,0.0,1,0.0,0.0
1268,0.0,0.0,1.0,3,1.0,1.0
1269,0.0,0.0,1.0,3,1.0,1.0
1270,1.0,0.0,0.0,1,0.0,0.0
1271,1.0,0.0,0.0,1,0.0,0.0
1272,1.0,0.0,0.0,1,0.0,0.0
1273,1.0,0.0,0.0,1,0.0,0.0
1274,1.0,0.0,0.0,1,0.0,0.0
1275,1.0,0.0,0.0,1,0.0,0.0
1276,1.0,0.0,0.0,1,0.0,0.0
1277,1.0,0.0,0.0,1,0.0,0.0
1278,0.43,0.57,0.0,2,0.57,0.0
1279,0.01,0.99,0.0,2,0.99,0.0
1280,1.0,0.0,0.0,1,0.0,0.0
1281,1.0,0.0,0.0,1,0.0,0.0
1282,0.0,-0.0,1.0,3,1.0,1.0
1283,0.0,0.0,1.0,3,1.0,1.0
1284,0.02,0.98,0.0,2,0.98,0.0
1285,0.0,1.0,0.0,2,1.0,0.0
1286,1.0,0.0,0.0,1,0.0,0.0
1287,1.0,0.0,0.0,1,0.0,0.0
1288,1.0,0.0,0.0,1,0.0,0.0
1289,1.0,0.0,0.0,1,0.0,0.0
1290,1.0,0.0,0.0,1,0.0,0.0
1291,1.0,0.0,0.0,1,0.0,0.0
1292,1.0,0.0,0.0,1,0.0,0.0
1293,1.0,0.0,0.0,1,0.0,0.0
1294,1.0,0.0,0.0,1,0.0,0.0
1295,1.0,0.0,0.0,1,0.0,0.0
1296,1.0,0.0,0.0,1,0.0,0.0
1297,0.01,0.99,0.0,2,0.99,0.0
1298,1.0,0.0,0.0,1,0.0,0.0
1299,1.0,0.0,0.0,1,0.0,0.0
1300,1.0,0.0,0.0,1,0.0,0.0
1301,1.0,0.0,0.0,1,0.0,0.0
1302,0.0,1.0,0.0,2,1.0,0.0
1303,0.01,0.99,0.0,2,0.99,0.0
1304,1.0,0.0,0.0,1,0.0,0.0
1305,0.0,1.0,0.0,2,1.0,0.0
1306,1.0,0.0,0.0,1,0.0,0.0
1307,1.0,0.0,0.0,1,0.0,0.0
1308,1.0,0.0,0.0,1,0.0,0.0
1309,1.0,0.0,0.0,1,0.0,0.0
1310,0.0,1.0,0.0,2,1.0,0.0
1311,0.0,1.0,0.0,2,1.0,0.0
1312,1.0,0.0,0.0,1,0.0,0.0
1313,1.0,0.0,0.0,1,0.0,0.0
1314,1.0,0.0,0.0,1,0.0,0.0
1315,1.0,0.0,0.0,1,0.0,0.0
1316,1.0,0.0,0.0,1,0.0,0.0
1317,1.0,0.0,0.0,1,0.0,0.0
1318,1.0,0.0,0.0,1,0.0,0.0
1319,1.0,0.0,0.0,1,0.0,0.0
1320,1.0,0.0,0.0,1,0.0,0.0
1321,1.0,0.0,0.0,1,0.0,0.0
1322,1.0,0.0,0.0,1,0.0,0.0
1323,1.0,0.0,0.0,1,0.0,0.0
1324,1.0,0.0,0.0,1,0.0,0.0
1325,0.0,0.0,1.0,3,1.0,1.0
1326,0.0,1.0,0.0,2,1.0,0.0
1327,0.0,1.0,0.0,2,1.0,0.0
1328,1.0,0.0,0.0,1,0.0,0.0
1329,1.0,0.0,0.0,1,0.0,0.0
1330,1.0,0.0,0.0,1,0.0,0.0
1331,1.0,0.0,0.0,1,0.0,0.0
1332,1.0,-0.0,0.0,1,0.0,0.0
1333,0.91,0.09,0.0,1,0.09,0.0
1334,0.0,0.0,1.0,3,1.0,1.0
1335,0.0,0.0,1.0,3,1.0,1.0
1336,1.0,0.0,0.0,1,0.0,0.0
1337,0.0,0.0,1.0,3,1.0,1.0
1338,1.0,0.0,0.0,1,0.0,0.0
1339,1.0,0.0,0.0,1,0.0,0.0
1340,1.0,0.0,0.0,1,0.0,0.0
1341,0.0,0.0,1.0,3,1.0,1.0
1342,0.0,0.0,1.0,3,1.0,1.0
1343,0.0,0.0,1.0,3,1.0,1.0
1344,1.0,0.0,0.0,1,0.0,0.0
1345,1.0,0.0,0.0,1,0.0,0.0
1346,1.0,0.0,0.0,1,0.0,0.0
1347,0.0,1.0,0.0,2,1.0,0.0
1348,0.0,0.0,1.0,3,1.0,1.0
1349,0.0,0.0,1.0,3,1.0,1.0
1350,1.0,0.0,0.0,1,0.0,0.0
1351,1.0,0.0,0.0,1,0.0,0.0
1352,0.77,0.23,0.0,1,0.23,0.0
1353,0.0,0.0,1.0,3,1.0,1.0
1354,1.0,0.0,0.0,1,0.0,0.0
1355,1.0,0.0,0.0,1,0.0,0.0
1356,1.0,0.0,0.0,1,0.0,0.0
1357,1.0,0.0,0.0,1,0.0,0.0
1358,0.0,1.0,0.0,2,1.0,0.0
1359,0.0,0.0,1.0,3,1.0,1.0
1360,1.0,0.0,0.0,1,0.0,0.0
1361,0.98,0.02,0.0,1,0.02,0.0
1362,1.0,0.0,0.0,1,0.0,0.0
1363,0.0,1.0,0.0,2,1.0,0.0
1364,0.0,0.0,1.0,3,1.0,1.0
1365,0.0,0.0,1.0,3,1.0,1.0
1366,1.0,0.0,0.0,1,0.0,0.0
1367,1.0,0.0,0.0,1,0.0,0.0
1368,1.0,0.0,0.0,1,0.0,0.0
1369,0.98,0.02,0.0,1,0.02,0.0
1370,1.0,0.0,0.0,1,0.0,0.0
1371,1.0,0.0,0.0,1,0.0,0.0
1372,1.0,0.0,0.0,1,0.0,0.0
1373,1.0,0.0,0.0,1,0.0,0.0
1374,1.0,0.0,0.0,1,0.0,0.0
1375,1.0,0.0,0.0,1,0.0,0.0
1376,1.0,0.0,0.0,1,0.0,0.0
1377,1.0,0.0,0.0,1,0.0,0.0
1378,1.0,0.0,0.0,1,0.0,0.0
1379,1.0,0.0,0.0,1,0.0,0.0
1380,1.0,0.0,0.0,1,0.0,0.0
1381,1.0,0.0,0.0,1,0.0,0.0
1382,1.0,0.0,0.0,1,0.0,0.0
1383,1.0,0.0,0.0,1,0.0,0.0
1384,1.0,0.0,0.0,1,0.0,0.0
1385,1.0,0.0,0.0,1,0.0,0.0
1386,1.0,0.0,0.0,1,0.0,0.0
1387,1.0,0.0,0.0,1,0.0,0.0
1388,0.0,0.64,0.36,2,1.0,0.36
1389,0.0,-0.0,1.0,3,1.0,1.0
1390,1.0,0.0,0.0,1,0.0,0.0
1391,1.0,0.0,0.0,1,0.0,0.0
1392,0.0,-0.0,1.0,3,1.0,1.0
1393,0.0,0.0,1.0,3,1.0,1.0
1394,1.0,0.0,0.0,1,0.0,0.0
1395,1.0,0.0,0.0,1,0.0,0.0
1396,1.0,-0.0,0.0,1,0.0,0.0
1397,0.01,0.99,0.0,2,0.99,0.0
1398,1.0,0.0,0.0,1,0.0,0.0
1399,1.0,0.0,0.0,1,0.0,0.0
1400,0.9,-0.9,1.0,3,0.1,1.0
1401,0.0,0.0,1.0,3,1.0,1.0
1402,1.0,0.0,0.0,1,0.0,0.0
1403,1.0,0.0,0.0,1,0.0,0.0
1404,1.0,0.0,0.0,1,0.0,0.0
1405,1.0,0.0,0.0,1,0.0,0.0
1406,1.0,0.0,0.0,1,0.0,0.0
1407,1.0,0.0,0.0,1,0.0,0.0
1408,1.0,0.0,0.0,1,0.0,0.0
1409,1.0,0.0,0.0,1,0.0,0.0
1410,1.0,0.0,0.0,1,0.0,0.0
1411,1.0,0.0,0.0,1,0.0,0.0
1412,1.0,0.0,0.0,1,0.0,0.0
1413,1.0,0.0,0.0,1,0.0,0.0
1414,1.0,0.0,0.0,1,0.0,0.0
1415,1.0,0.0,0.0,1,0.0,0.0
1416,1.0,0.0,0.0,1,0.0,0.0
1417,1.0,0.0,0.0,1,0.0,0.0
1418,1.0,0.0,0.0,1,0.0,0.0
1419,0.0,0.03,0.97,3,1.0,0.97
1420,1.0,0.0,0.0,1,0.0,0.0
1421,1.0,0.0,0.0,1,0.0,0.0
1422,1.0,0.0,0.0,1,0.0,0.0
1423,0.0,1.0,0.0,2,1.0,0.0
1424,1.0,0.0,0.0,1,0.0,0.0
1425,1.0,0.0,0.0,1,0.0,0.0
1426,1.0,0.0,0.0,1,0.0,0.0
1427,1.0,0.0,0.0,1,0.0,0.0
1428,1.0,0.0,0.0,1,0.0,0.0
1429,1.0,0.0,0.0,1,0.0,0.0
1430,1.0,0.0,0.0,1,0.0,0.0
1431,0.0,0.0,1.0,3,1.0,1.0
1432,1.0,0.0,0.0,1,0.0,0.0
1433,1.0,0.0,0.0,1,0.0,0.0
1434,0.0,1.0,0.0,2,1.0,0.0
1435,0.0,-0.0,1.0,3,1.0,1.0
1436,1.0,0.0,0.0,1,0.0,0.0
1437,0.0,1.0,0.0,2,1.0,0.0
1438,0.0,0.03,0.97,3,1.0,0.97
1439,0.0,0.0,1.0,3,1.0,1.0
1440,1.0,0.0,0.0,1,0.0,0.0
1441,1.0,-0.0,0.0,1,0.0,0.0
1442,1.0,0.0,0.0,1,0.0,0.0
1443,0.0,1.0,0.0,2,1.0,0.0
1444,1.0,0.0,0.0,1,0.0,0.0
1445,1.0,0.0,0.0,1,0.0,0.0
1446,0.0,1.0,0.0,2,1.0,0.0
1447,0.0,1.0,0.0,2,1.0,0.0
1448,1.0,0.0,0.0,1,0.0,0.0
1449,0.0,0.0,1.0,3,1.0,1.0
1450,1.0,0.0,0.0,1,0.0,0.0
1451,1.0,0.0,0.0,1,0.0,0.0
1452,1.0,0.0,0.0,1,0.0,0.0
1453,1.0,0.0,0.0,1,0.0,0.0
1454,0.0,0.0,1.0,3,1.0,1.0
1455,0.0,-0.0,1.0,3,1.0,1.0
1456,1.0,0.0,0.0,1,0.0,0.0
1457,0.84,0.16,0.0,1,0.16,0.0
1458,0.0,1.0,0.0,2,1.0,0.0
1459,0.0,0.0,1.0,3,1.0,1.0
1460,0.01,-0.01,1.0,3,0.99,1.0
1461,0.0,-0.0,1.0,3,1.0,1.0
1462,1.0,0.0,0.0,1,0.0,0.0
1463,1.0,0.0,0.0,1,0.0,0.0
1464,1.0,-0.0,0.0,1,0.0,0.0
1465,0.0,0.0,1.0,3,1.0,1.0
1466,0.0,0.03,0.97,3,1.0,0.97
1467,0.0,0.0,1.0,3,1.0,1.0
1468,1.0,0.0,0.0,1,0.0,0.0
1469,1.0,0.0,0.0,1,0.0,0.0
1470,0.0,1.0,0.0,2,1.0,0.0
1471,0.0,-0.0,1.0,3,1.0,1.0
1472,1.0,0.0,0.0,1,0.0,0.0
1473,1.0,0.0,0.0,1,0.0,0.0
1474,1.0,0.0,0.0,1,0.0,0.0
1475,1.0,0.0,0.0,1,0.0,0.0
1476,1.0,0.0,0.0,1,0.0,0.0
1477,0.0,1.0,0.0,2,1.0,0.0
1478,0.0,0.03,0.97,3,1.0,0.97
1479,0.01,-0.01,1.0,3,0.99,1.0
1480,1.0,0.0,0.0,1,0.0,0.0
1481,1.0,0.0,0.0,1,0.0,0.0
1482,0.0,0.0,1.0,3,1.0,1.0
1483,0.0,0.0,1.0,3,1.0,1.0
1484,1.0,-0.0,0.0,1,0.0,0.0
1485,0.0,-0.0,1.0,3,1.0,1.0
1486,1.0,0.0,0.0,1,0.0,0.0
1487,1.0,0.0,0.0,1,0.0,0.0
1488,1.0,0.0,0.0,1,0.0,0.0
1489,0.0,0.0,1.0,3,1.0,1.0
1490,1.0,0.0,0.0,1,0.0,0.0
1491,1.0,0.0,0.0,1,0.0,0.0
1492,1.0,-0.0,0.0,1,0.0,0.0
1493,0.48,0.52,0.0,2,0.52,0.0
1494,1.0,0.0,0.0,1,0.0,0.0
1495,1.0,0.0,0.0,1,0.0,0.0
1496,1.0,0.0,0.0,1,0.0,0.0
1497,1.0,0.0,0.0,1,0.0,0.0
1498,1.0,-0.35,0.35,1,0.0,0.35
1499,0.0,1.0,0.0,2,1.0,0.0
1500,1.0,0.0,0.0,1,0.0,0.0
1501,1.0,0.0,0.0,1,0.0,0.0
1502,1.0,0.0,0.0,1,0.0,0.0
1503,1.0,0.0,0.0,1,0.0,0.0
1504,1.0,0.0,0.0,1,0.0,0.0
1505,1.0,0.0,0.0,1,0.0,0.0
1506,1.0,0.0,0.0,1,0.0,0.0
1507,0.18,-0.15,0.97,3,0.82,0.97
1508,0.0,0.0,1.0,3,1.0,1.0
1509,0.0,0.0,1.0,3,1.0,1.0
1510,1.0,0.0,0.0,1,0.0,0.0
1511,1.0,0.0,0.0,1,0.0,0.0
1512,0.01,0.99,0.0,2,0.99,0.0
1513,0.0,1.0,0.0,2,1.0,0.0
1514,1.0,-0.0,0.0,1,0.0,0.0
1515,1.0,-0.1,0.1,1,0.0,0.1
1516,1.0,-0.97,0.97,1,0.0,0.97
1517,0.98,-0.98,1.0,3,0.02,1.0
1518,0.0,0.0,1.0,3,1.0,1.0
1519,0.0,0.0,1.0,3,1.0,1.0
1520,1.0,0.0,0.0,1,0.0,0.0
1521,1.0,0.0,0.0,1,0.0,0.0
1522,0.0,1.0,0.0,2,1.0,0.0
1523,0.0,0.0,1.0,3,1.0,1.0
1524,1.0,0.0,0.0,1,0.0,0.0
1525,1.0,0.0,0.0,1,0.0,0.0
1526,1.0,0.0,0.0,1,0.0,0.0
1527,0.02,0.98,0.0,2,0.98,0.0
1528,1.0,0.0,0.0,1,0.0,0.0
1529,1.0,0.0,0.0,1,0.0,0.0
1530,1.0,0.0,0.0,1,0.0,0.0
1531,1.0,0.0,0.0,1,0.0,0.0
1532,1.0,0.0,0.0,1,0.0,0.0
1533,1.0,0.0,0.0,1,0.0,0.0
1534,1.0,0.0,0.0,1,0.0,0.0
1535,1.0,0.0,0.0,1,0.0,0.0
1536,1.0,0.0,0.0,1,0.0,0.0
1537,1.0,0.0,0.0,1,0.0,0.0
1538,0.95,0.05,0.0,1,0.05,0.0
1539,1.0,0.0,0.0,1,0.0,0.0
1540,1.0,0.0,0.0,1,0.0,0.0
1541,1.0,0.0,0.0,1,0.0,0.0
1542,1.0,0.0,0.0,1,0.0,0.0
1543,1.0,0.0,0.0,1,0.0,0.0
1544,1.0,0.0,0.0,1,0.0,0.0
1545,1.0,0.0,0.0,1,0.0,0.0
1546,-0.0,1.0,0.0,2,1.0,0.0
1547,0.0,0.0,1.0,3,1.0,1.0
1548,1.0,0.0,0.0,1,0.0,0.0
1549,1.0,0.0,0.0,1,0.0,0.0
1550,1.0,0.0,0.0,1,0.0,0.0
1551,1.0,0.0,0.0,1,0.0,0.0
1552,1.0,0.0,0.0,1,0.0,0.0
1553,0.0,-0.0,1.0,3,1.0,1.0
1554,0.0,1.0,0.0,2,1.0,0.0
1555,0.0,0.0,1.0,3,1.0,1.0
1556,1.0,0.0,0.0,1,0.0,0.0
1557,1.0,0.0,0.0,1,0.0,0.0
1558,0.98,0.02,0.0,1,0.02,0.0
1559,0.98,0.02,0.0,1,0.02,0.0
1560,1.0,0.0,0.0,1,0.0,0.0
1561,1.0,0.0,0.0,1,0.0,0.0
1562,0.02,0.98,0.0,2,0.98,0.0
1563,0.0,1.0,0.0,2,1.0,0.0
1564,1.0,0.0,0.0,1,0.0,0.0
1565,1.0,0.0,0.0,1,0.0,0.0
1566,1.0,0.0,0.0,1,0.0,0.0
1567,1.0,0.0,0.0,1,0.0,0.0
1568,1.0,0.0,0.0,1,0.0,0.0
1569,0.0,0.0,1.0,3,1.0,1.0
1570,1.0,0.0,0.0,1,0.0,0.0
1571,1.0,0.0,0.0,1,0.0,0.0
1572,1.0,-0.0,0.0,1,0.0,0.0
1573,0.98,0.02,0.0,1,0.02,0.0
1574,1.0,0.0,0.0,1,0.0,0.0
1575,1.0,0.0,0.0,1,0.0,0.0
1576,1.0,0.0,0.0,1,0.0,0.0
1577,1.0,0.0,0.0,1,0.0,0.0
1578,0.0,0.0,1.0,3,1.0,1.0
1579,0.0,0.0,1.0,3,1.0,1.0
1580,1.0,0.0,0.0,1,0.0,0.0
1581,1.0,0.0,0.0,1,0.0,0.0
1582,1.0,0.0,0.0,1,0.0,0.0
1583,1.0,0.0,0.0,1,0.0,0.0
1584,1.0,0.0,0.0,1,0.0,0.0
1585,1.0,0.0,0.0,1,0.0,0.0
1586,0.0,1.0,0.0,2,1.0,0.0
1587,0.0,0.0,1.0,3,1.0,1.0
1588,1.0,0.0,0.0,1,0.0,0.0
1589,1.0,0.0,0.0,1,0.0,0.0
1590,1.0,0.0,0.0,1,0.0,0.0
1591,1.0,0.0,0.0,1,0.0,0.0
1592,1.0,0.0,0.0,1,0.0,0.0
1593,1.0,0.0,0.0,1,0.0,0.0
1594,1.0,0.0,0.0,1,0.0,0.0
1595,1.0,0.0,0.0,1,0.0,0.0
1596,1.0,0.0,0.0,1,0.0,0.0
1597,1.0,0.0,0.0,1,0.0,0.0
1598,0.0,1.0,0.0,2,1.0,0.0
1599,-0.0,1.0,0.0,2,1.0,0.0
1600,1.0,0.0,0.0,1,0.0,0.0
1601,1.0,0.0,0.0,1,0.0,0.0
1602,0.0,1.0,0.0,2,1.0,0.0
1603,0.0,1.0,0.0,2,1.0,0.0
1604,1.0,-0.0,0.0,1,0.0,0.0
1605,0.0,0.0,1.0,3,1.0,1.0
1606,1.0,0.0,0.0,1,0.0,0.0
1607,1.0,0.0,0.0,1,0.0,0.0
1608,1.0,0.0,0.0,1,0.0,0.0
1609,1.0,0.0,0.0,1,0.0,0.0
1610,1.0,0.0,0.0,1,0.0,0.0
1611,1.0,0.0,0.0,1,0.0,0.0
1612,1.0,-0.0,0.0,1,0.0,0.0
1613,0.0,0.03,0.97,3,1.0,0.97
1614,1.0,0.0,0.0,1,0.0,0.0
1615,0.92,0.08,0.0,1,0.08,0.0
1616,0.0,0.0,1.0,3,1.0,1.0
1617,0.0,0.0,1.0,3,1.0,1.0
1618,1.0,0.0,0.0,1,0.0,0.0
1619,1.0,0.0,0.0,1,0.0,0.0
1620,1.0,0.0,0.0,1,0.0,0.0
1621,1.0,0.0,0.0,1,0.0,0.0
1622,1.0,0.0,0.0,1,0.0,0.0
1623,1.0,0.0,0.0,1,0.0,0.0
1624,1.0,0.0,0.0,1,0.0,0.0
1625,1.0,0.0,0.0,1,0.0,0.0
1626,0.0,1.0,0.0,2,1.0,0.0
1627,0.0,0.0,1.0,3,1.0,1.0
1628,1.0,0.0,0.0,1,0.0,0.0
1629,1.0,0.0,0.0,1,0.0,0.0
1630,0.0,1.0,0.0,2,1.0,0.0
1631,0.0,0.0,1.0,3,1.0,1.0
1632,1.0,0.0,0.0,1,0.0,0.0
1633,1.0,0.0,0.0,1,0.0,0.0
1634,0.01,0.99,0.0,2,0.99,0.0
1635,0.0,1.0,0.0,2,1.0,0.0
1636,1.0,0.0,0.0,1,0.0,0.0
1637,1.0,0.0,0.0,1,0.0,0.0
1638,1.0,0.0,0.0,1,0.0,0.0
1639,1.0,0.0,0.0,1,0.0,0.0
1640,1.0,0.0,0.0,1,0.0,0.0
1641,1.0,0.0,0.0,1,0.0,0.0
1642,0.01,0.99,0.0,2,0.99,0.0
1643,0.0,0.0,1.0,3,1.0,1.0
1644,0.32,0.33,0.35,3,0.68,0.35
1645,0.0,-0.0,1.0,3,1.0,1.0
1646,1.0,0.0,0.0,1,0.0,0.0
1647,1.0,0.0,0.0,1,0.0,0.0
1648,1.0,0.0,0.0,1,0.0,0.0
1649,1.0,0.0,0.0,1,0.0,0.0
1650,0.99,0.01,0.0,1,0.01,0.0
1651,0.0,0.0,1.0,3,1.0,1.0
1652,1.0,0.0,0.0,1,0.0,0.0
1653,1.0,0.0,0.0,1,0.0,0.0
1654,1.0,0.0,0.0,1,0.0,0.0
1655,0.02,0.98,0.0,2,0.98,0.0
1656,0.04,0.96,0.0,2,0.96,0.0
1657,0.0,1.0,0.0,2,1.0,0.0
1658,1.0,0.0,0.0,1,0.0,0.0
1659,1.0,0.0,0.0,1,0.0,0.0
1660,1.0,0.0,0.0,1,0.0,0.0
1661,1.0,0.0,0.0,1,0.0,0.0
1662,1.0,0.0,0.0,1,0.0,0.0
1663,1.0,0.0,0.0,1,0.0,0.0
1664,1.0,0.0,0.0,1,0.0,0.0
1665,1.0,0.0,0.0,1,0.0,0.0
1666,1.0,0.0,0.0,1,0.0,0.0
1667,1.0,0.0,0.0,1,0.0,0.0
1668,1.0,0.0,0.0,1,0.0,0.0
1669,1.0,0.0,0.0,1,0.0,0.0
1670,1.0,0.0,0.0,1,0.0,0.0
1671,1.0,0.0,0.0,1,0.0,0.0
1672,1.0,0.0,0.0,1,0.0,0.0
1673,0.0,0.07,0.93,3,1.0,0.93
1674,0.0,0.03,0.97,3,1.0,0.97
1675,0.0,0.03,0.97,3,1.0,0.97
1676,1.0,0.0,0.0,1,0.0,0.0
1677,1.0,0.0,0.0,1,0.0,0.0
1678,1.0,0.0,0.0,1,0.0,0.0
1679,1.0,0.0,0.0,1,0.0,0.0
1680,1.0,0.0,0.0,1,0.0,0.0
1681,1.0,0.0,0.0,1,0.0,0.0
1682,1.0,0.0,0.0,1,0.0,0.0
1683,1.0,0.0,0.0,1,0.0,0.0
1684,1.0,0.0,0.0,1,0.0,0.0
1685,0.91,0.09,0.0,1,0.09,0.0
1686,1.0,0.0,0.0,1,0.0,0.0
1687,1.0,0.0,0.0,1,0.0,0.0
1688,1.0,-0.0,0.0,1,0.0,0.0
1689,1.0,0.0,0.0,1,0.0,0.0
1690,1.0,0.0,0.0,1,0.0,0.0
1691,1.0,0.0,0.0,1,0.0,0.0
1692,1.0,0.0,0.0,1,0.0,0.0
1693,0.0,1.0,0.0,2,1.0,0.0
1694,1.0,0.0,0.0,1,0.0,0.0
1695,1.0,0.0,0.0,1,0.0,0.0
1696,1.0,0.0,0.0,1,0.0,0.0
1697,0.0,1.0,0.0,2,1.0,0.0
1698,1.0,0.0,0.0,1,0.0,0.0
1699,1.0,0.0,0.0,1,0.0,0.0
1700,1.0,0.0,0.0,1,0.0,0.0
1701,1.0,0.0,0.0,1,0.0,0.0
1702,1.0,0.0,0.0,1,0.0,0.0
1703,1.0,0.0,0.0,1,0.0,0.0
1704,1.0,0.0,0.0,1,0.0,0.0
1705,1.0,0.0,0.0,1,0.0,0.0
1706,1.0,0.0,0.0,1,0.0,0.0
1707,1.0,0.0,0.0,1,0.0,0.0
1708,0.0,1.0,0.0,2,1.0,0.0
1709,0.0,1.0,0.0,2,1.0,0.0
1710,0.0,0.0,1.0,3,1.0,1.0
1711,0.0,0.0,1.0,3,1.0,1.0
1712,1.0,0.0,0.0,1,0.0,0.0
1713,1.0,0.0,0.0,1,0.0,0.0
1714,1.0,0.0,0.0,1,0.0,0.0
1715,1.0,0.0,0.0,1,0.0,0.0
1716,1.0,0.0,0.0,1,0.0,0.0
1717,1.0,0.0,0.0,1,0.0,0.0
1718,0.0,0.0,1.0,3,1.0,1.0
1719,0.0,0.0,1.0,3,1.0,1.0
1720,1.0,0.0,0.0,1,0.0,0.0
1721,0.01,0.99,0.0,2,0.99,0.0
1722,0.0,1.0,0.0,2,1.0,0.0
1723,0.0,1.0,0.0,2,1.0,0.0
1724,0.0,0.0,1.0,3,1.0,1.0
1725,0.0,0.0,1.0,3,1.0,1.0
1726,1.0,0.0,0.0,1,0.0,0.0
1727,1.0,0.0,0.0,1,0.0,0.0
1728,1.0,0.0,0.0,1,0.0,0.0
1729,0.45,0.55,0.0,2,0.55,0.0
1730,1.0,0.0,0.0,1,0.0,0.0
1731,1.0,0.0,0.0,1,0.0,0.0
1732,1.0,0.0,0.0,1,0.0,0.0
1733,0.0,0.0,1.0,3,1.0,1.0
1734,1.0,0.0,0.0,1,0.0,0.0
1735,0.47,0.53,0.0,2,0.53,0.0
1736,1.0,0.0,0.0,1,0.0,0.0
1737,1.0,0.0,0.0,1,0.0,0.0
1738,1.0,0.0,0.0,1,0.0,0.0
1739,1.0,0.0,0.0,1,0.0,0.0
1740,1.0,0.0,0.0,1,0.0,0.0
1741,0.0,1.0,0.0,2,1.0,0.0
1742,1.0,0.0,0.0,1,0.0,0.0
1743,1.0,0.0,0.0,1,0.0,0.0
1744,1.0,0.0,0.0,1,0.0,0.0
1745,1.0,0.0,0.0,1,0.0,0.0
1746,1.0,0.0,0.0,1,0.0,0.0
1747,1.0,0.0,0.0,1,0.0,0.0
1748,1.0,-0.0,0.0,1,0.0,0.0
1749,1.0,0.0,0.0,1,0.0,0.0
1750,1.0,0.0,0.0,1,0.0,0.0
1751,1.0,0.0,0.0,1,0.0,0.0
1752,1.0,0.0,0.0,1,0.0,0.0
1753,1.0,0.0,0.0,1,0.0,0.0
1754,1.0,0.0,0.0,1,0.0,0.0
1755,0.01,0.99,0.0,2,0.99,0.0
1756,1.0,0.0,0.0,1,0.0,0.0
1757,1.0,0.0,0.0,1,0.0,0.0
1758,1.0,0.0,0.0,1,0.0,0.0
1759,0.43,0.57,0.0,2,0.57,0.0
1760,1.0,0.0,0.0,1,0.0,0.0
1761,0.0,1.0,0.0,2,1.0,0.0
1762,1.0,0.0,0.0,1,0.0,0.0
1763,1.0,0.0,0.0,1,0.0,0.0
1764,1.0,0.0,0.0,1,0.0,0.0
1765,1.0,0.0,0.0,1,0.0,0.0
1766,0.0,1.0,0.0,2,1.0,0.0
1767,0.0,0.0,1.0,3,1.0,1.0
1768,1.0,0.0,0.0,1,0.0,0.0
1769,1.0,0.0,0.0,1,0.0,0.0
1770,1.0,0.0,0.0,1,0.0,0.0
1771,1.0,0.0,0.0,1,0.0,0.0
1772,0.0,-0.0,1.0,3,1.0,1.0
1773,0.0,1.0,0.0,2,1.0,0.0
1774,1.0,0.0,0.0,1,0.0,0.0
1775,1.0,0.0,0.0,1,0.0,0.0
1776,1.0,0.0,0.0,1,0.0,0.0
1777,0.0,1.0,0.0,2,1.0,0.0
1778,1.0,0.0,0.0,1,0.0,0.0
1779,1.0,0.0,0.0,1,0.0,0.0
1780,1.0,0.0,0.0,1,0.0,0.0
1781,1.0,0.0,0.0,1,0.0,0.0
1782,1.0,0.0,0.0,1,0.0,0.0
1783,1.0,0.0,0.0,1,0.0,0.0
1784,1.0,0.0,0.0,1,0.0,0.0
1785,1.0,0.0,0.0,1,0.0,0.0
1786,1.0,0.0,0.0,1,0.0,0.0
1787,1.0,0.0,0.0,1,0.0,0.0
1788,1.0,-0.0,0.0,1,0.0,0.0
1789,0.0,-0.0,1.0,3,1.0,1.0
1790,1.0,0.0,0.0,1,0.0,0.0
1791,1.0,0.0,0.0,1,0.0,0.0
1792,1.0,-0.0,0.0,1,0.0,0.0
1793,0.0,0.0,1.0,3,1.0,1.0
1794,0.0,1.0,0.0,2,1.0,0.0
1795,0.0,0.0,1.0,3,1.0,1.0
1796,1.0,0.0,0.0,1,0.0,0.0
1797,0.19,-0.19,1.0,3,0.81,1.0
1798,1.0,0.0,0.0,1,0.0,0.0
1799,1.0,0.0,0.0,1,0.0,0.0
1800,0.99,0.01,0.0,1,0.01,0.0
1801,0.41,-0.41,1.0,3,0.59,1.0
1802,0.0,0.03,0.97,3,1.0,0.97
1803,0.0,0.0,1.0,3,1.0,1.0
1804,1.0,0.0,0.0,1,0.0,0.0
1805,0.0,1.0,0.0,2,1.0,0.0
1806,1.0,0.0,0.0,1,0.0,0.0
1807,0.0,0.0,1.0,3,1.0,1.0
1808,1.0,-1.0,1.0,1,0.0,1.0
1809,0.0,0.0,1.0,3,1.0,1.0
1810,0.0,1.0,0.0,2,1.0,0.0
1811,0.0,1.0,0.0,2,1.0,0.0
1812,0.66,0.34,0.0,1,0.34,0.0
1813,0.0,0.0,1.0,3,1.0,1.0
1814,1.0,0.0,0.0,1,0.0,0.0
1815,1.0,0.0,0.0,1,0.0,0.0
1816,1.0,0.0,0.0,1,0.0,0.0
1817,0.96,0.04,0.0,1,0.04,0.0
1818,0.0,1.0,0.0,2,1.0,0.0
1819,0.0,1.0,0.0,2,1.0,0.0
1820,0.01,0.99,0.0,2,0.99,0.0
1821,0.41,0.59,0.0,2,0.59,0.0
1822,1.0,0.0,0.0,1,0.0,0.0
1823,1.0,0.0,0.0,1,0.0,0.0
1824,1.0,0.0,0.0,1,0.0,0.0
1825,1.0,0.0,0.0,1,0.0,0.0
1826,1.0,0.0,0.0,1,0.0,0.0
1827,1.0,0.0,0.0,1,0.0,0.0
1828,1.0,0.0,0.0,1,0.0,0.0
1829,0.82,0.18,0.0,1,0.18,0.0
1830,1.0,0.0,0.0,1,0.0,0.0
1831,0.0,1.0,0.0,2,1.0,0.0
1832,1.0,0.0,0.0,1,0.0,0.0
1833,1.0,0.0,0.0,1,0.0,0.0
1834,1.0,0.0,0.0,1,0.0,0.0
1835,1.0,0.0,0.0,1,0.0,0.0
1836,1.0,0.0,0.0,1,0.0,0.0
1837,1.0,0.0,0.0,1,0.0,0.0
1838,1.0,0.0,0.0,1,0.0,0.0
1839,0.18,0.82,0.0,2,0.82,0.0
1840,1.0,0.0,0.0,1,0.0,0.0
1841,1.0,0.0,0.0,1,0.0,0.0
1842,1.0,0.0,0.0,1,0.0,0.0
1843,1.0,0.0,0.0,1,0.0,0.0
1844,0.0,1.0,0.0,2,1.0,0.0
1845,0.0,1.0,0.0,2,1.0,0.0
1846,1.0,0.0,0.0,1,0.0,0.0
1847,1.0,0.0,0.0,1,0.0,0.0
1848,1.0,0.0,0.0,1,0.0,0.0
1849,0.0,1.0,0.0,2,1.0,0.0
1850,1.0,0.0,0.0,1,0.0,0.0
1851,0.01,0.99,0.0,2,0.99,0.0
1852,1.0,0.0,0.0,1,0.0,0.0
1853,0.0,0.0,1.0,3,1.0,1.0
1854,1.0,0.0,0.0,1,0.0,0.0
1855,0.0,0.0,1.0,3,1.0,1.0
1856,1.0,0.0,0.0,1,0.0,0.0
1857,1.0,0.0,0.0,1,0.0,0.0
1858,-0.0,1.0,0.0,2,1.0,0.0
1859,0.0,0.64,0.36,2,1.0,0.36
1860,1.0,0.0,0.0,1,0.0,0.0
1861,1.0,0.0,0.0,1,0.0,0.0
1862,0.0,1.0,0.0,2,1.0,0.0
1863,0.0,1.0,0.0,2,1.0,0.0
1864,1.0,0.0,0.0,1,0.0,0.0
1865,0.0,1.0,0.0,2,1.0,0.0
1866,1.0,0.0,0.0,1,0.0,0.0
1867,1.0,0.0,0.0,1,0.0,0.0
1868,1.0,0.0,0.0,1,0.0,0.0
1869,1.0,0.0,0.0,1,0.0,0.0
1870,1.0,0.0,0.0,1,0.0,0.0
1871,1.0,0.0,0.0,1,0.0,0.0
1872,0.0,0.0,1.0,3,1.0,1.0
1873,0.0,0.0,1.0,3,1.0,1.0
1874,1.0,0.0,0.0,1,0.0,0.0
1875,1.0,0.0,0.0,1,0.0,0.0
1876,1.0,0.0,0.0,1,0.0,0.0
1877,1.0,0.0,0.0,1,0.0,0.0
1878,1.0,0.0,0.0,1,0.0,0.0
1879,0.0,1.0,0.0,2,1.0,0.0
1880,1.0,0.0,0.0,1,0.0,0.0
1881,0.0,1.0,0.0,2,1.0,0.0
1882,0.0,1.0,0.0,2,1.0,0.0
1883,0.0,0.0,1.0,3,1.0,1.0
1884,1.0,0.0,0.0,1,0.0,0.0
1885,-0.0,1.0,0.0,2,1.0,0.0
1886,1.0,0.0,0.0,1,0.0,0.0
1887,1.0,0.0,0.0,1,0.0,0.0
1888,1.0,0.0,0.0,1,0.0,0.0
1889,1.0,0.0,0.0,1,0.0,0.0
1890,1.0,0.0,0.0,1,0.0,0.0
1891,1.0,0.0,0.0,1,0.0,0.0
1892,1.0,0.0,0.0,1,0.0,0.0
1893,1.0,0.0,0.0,1,0.0,0.0
1894,0.0,0.0,1.0,3,1.0,1.0
1895,0.0,0.0,1.0,3,1.0,1.0
1896,1.0,0.0,0.0,1,0.0,0.0
1897,1.0,0.0,0.0,1,0.0,0.0
1898,1.0,0.0,0.0,1,0.0,0.0
1899,0.0,0.9,0.1,2,1.0,0.1
1900,1.0,0.0,0.0,1,0.0,0.0
1901,1.0,0.0,0.0,1,0.0,0.0
1902,1.0,0.0,0.0,1,0.0,0.0
1903,1.0,0.0,0.0,1,0.0,0.0
1904,0.0,1.0,0.0,2,1.0,0.0
1905,0.0,0.0,1.0,3,1.0,1.0
1906,0.0,-0.0,1.0,3,1.0,1.0
1907,0.0,0.0,1.0,3,1.0,1.0
1908,1.0,0.0,0.0,1,0.0,0.0
1909,1.0,0.0,0.0,1,0.0,0.0
1910,1.0,0.0,0.0,1,0.0,0.0
1911,0.0,0.0,1.0,3,1.0,1.0
1912,1.0,0.0,0.0,1,0.0,0.0
1913,1.0,0.0,0.0,1,0.0,0.0
1914,0.18,0.82,0.0,2,0.82,0.0
1915,0.0,1.0,0.0,2,1.0,0.0
1916,1.0,0.0,0.0,1,0.0,0.0
1917,0.0,1.0,0.0,2,1.0,0.0
1918,1.0,0.0,0.0,1,0.0,0.0
1919,1.0,0.0,0.0,1,0.0,0.0
1920,1.0,0.0,0.0,1,0.0,0.0
1921,0.18,0.82,0.0,2,0.82,0.0
1922,0.96,0.04,0.0,1,0.04,0.0
1923,0.0,-0.0,1.0,3,1.0,1.0
1924,0.0,0.0,1.0,3,1.0,1.0
1925,0.0,0.0,1.0,3,1.0,1.0
1926,1.0,0.0,0.0,1,0.0,0.0
1927,1.0,0.0,0.0,1,0.0,0.0
1928,0.0,1.0,0.0,2,1.0,0.0
1929,0.0,0.0,1.0,3,1.0,1.0
1930,1.0,0.0,0.0,1,0.0,0.0
1931,1.0,0.0,0.0,1,0.0,0.0
1932,1.0,0.0,0.0,1,0.0,0.0
1933,1.0,0.0,0.0,1,0.0,0.0
1934,0.0,0.03,0.97,3,1.0,0.97
1935,0.0,-0.0,1.0,3,1.0,1.0
1936,1.0,0.0,0.0,1,0.0,0.0
1937,0.0,0.0,1.0,3,1.0,1.0
1938,0.0,1.0,0.0,2,1.0,0.0
1939,0.0,0.0,1.0,3,1.0,1.0
1940,1.0,0.0,0.0,1,0.0,0.0
1941,1.0,0.0,0.0,1,0.0,0.0
1942,1.0,0.0,0.0,1,0.0,0.0
1943,1.0,0.0,0.0,1,0.0,0.0
1944,1.0,0.0,0.0,1,0.0,0.0
1945,1.0,0.0,0.0,1,0.0,0.0
1946,1.0,0.0,0.0,1,0.0,0.0
1947,1.0,0.0,0.0,1,0.0,0.0
1948,1.0,0.0,0.0,1,0.0,0.0
1949,0.0,0.0,1.0,3,1.0,1.0
1950,1.0,0.0,0.0,1,0.0,0.0
1951,1.0,0.0,0.0,1,0.0,0.0
1952,1.0,0.0,0.0,1,0.0,0.0
1953,1.0,0.0,0.0,1,0.0,0.0
1954,1.0,0.0,0.0,1,0.0,0.0
1955,1.0,0.0,0.0,1,0.0,0.0
1956,1.0,0.0,0.0,1,0.0,0.0
1957,0.92,0.08,0.0,1,0.08,0.0
1958,1.0,0.0,0.0,1,0.0,0.0
1959,1.0,0.0,0.0,1,0.0,0.0
1960,0.0,1.0,0.0,2,1.0,0.0
1961,0.0,0.0,1.0,3,1.0,1.0
1962,1.0,0.0,0.0,1,0.0,0.0
1963,1.0,0.0,0.0,1,0.0,0.0
1964,0.0,0.0,1.0,3,1.0,1.0
1965,0.0,0.0,1.0,3,1.0,1.0
1966,1.0,0.0,0.0,1,0.0,0.0
1967,1.0,0.0,0.0,1,0.0,0.0
1968,1.0,0.0,0.0,1,0.0,0.0
1969,1.0,0.0,0.0,1,0.0,0.0
1970,1.0,0.0,0.0,1,0.0,0.0
1971,1.0,0.0,0.0,1,0.0,0.0
1972,1.0,0.0,0.0,1,0.0,0.0
1973,1.0,0.0,0.0,1,0.0,0.0
1974,1.0,0.0,0.0,1,0.0,0.0
1975,1.0,0.0,0.0,1,0.0,0.0
1976,0.0,0.0,1.0,3,1.0,1.0
1977,0.0,0.0,1.0,3,1.0,1.0
1978,1.0,0.0,0.0,1,0.0,0.0
1979,1.0,0.0,0.0,1,0.0,0.0
1980,1.0,0.0,0.0,1,0.0,0.0
1981,1.0,0.0,0.0,1,0.0,0.0
1982,0.01,0.99,0.0,2,0.99,0.0
1983,0.0,0.0,1.0,3,1.0,1.0
1984,1.0,0.0,0.0,1,0.0,0.0
1985,1.0,0.0,0.0,1,0.0,0.0
1986,1.0,0.0,0.0,1,0.0,0.0
1987,1.0,0.0,0.0,1,0.0,0.0
1988,1.0,0.0,0.0,1,0.0,0.0
1989,1.0,0.0,0.0,1,0.0,0.0
1990,1.0,0.0,0.0,1,0.0,0.0
1991,1.0,0.0,0.0,1,0.0,0.0
1992,1.0,-1.0,1.0,1,0.0,1.0
1993,0.0,-0.0,1.0,3,1.0,1.0
1994,-0.0,1.0,0.0,2,1.0,0.0
1995,0.0,0.9,0.1,2,1.0,0.1
1996,1.0,0.0,0.0,1,0.0,0.0
1997,1.0,0.0,0.0,1,0.0,0.0
1998,1.0,0.0,0.0,1,0.0,0.0
1999,1.0,0.0,0.0,1,0.0,0.0
2000,1.0,0.0,0.0,1,0.0,0.0
2001,0.0,0.0,1.0,3,1.0,1.0
2002,1.0,0.0,0.0,1,0.0,0.0
2003,1.0,0.0,0.0,1,0.0,0.0
2004,1.0,0.0,0.0,1,0.0,0.0
2005,1.0,0.0,0.0,1,0.0,0.0
2006,1.0,0.0,0.0,1,0.0,0.0
2007,1.0,0.0,0.0,1,0.0,0.0
2008,1.0,0.0,0.0,1,0.0,0.0
2009,1.0,0.0,0.0,1,0.0,0.0
2010,1.0,0.0,0.0,1,0.0,0.0
2011,1.0,0.0,0.0,1,0.0,0.0
2012,1.0,0.0,0.0,1,0.0,0.0
2013,0.45,-0.45,1.0,3,0.55,1.0
2014,1.0,0.0,0.0,1,0.0,0.0
2015,1.0,0.0,0.0,1,0.0,0.0
2016,1.0,0.0,0.0,1,0.0,0.0
2017,1.0,0.0,0.0,1,0.0,0.0
2018,1.0,0.0,0.0,1,0.0,0.0
2019,0.0,1.0,0.0,2,1.0,0.0
2020,1.0,0.0,0.0,1,0.0,0.0
2021,1.0,0.0,0.0,1,0.0,0.0
2022,1.0,0.0,0.0,1,0.0,0.0
2023,1.0,0.0,0.0,1,0.0,0.0
2024,1.0,0.0,0.0,1,0.0,0.0
2025,0.0,0.0,1.0,3,1.0,1.0
2026,1.0,0.0,0.0,1,0.0,0.0
2027,1.0,0.0,0.0,1,0.0,0.0
2028,1.0,-0.0,0.0,1,0.0,0.0
2029,1.0,-0.0,0.0,1,0.0,0.0
2030,0.0,0.03,0.97,3,1.0,0.97
2031,0.0,0.0,1.0,3,1.0,1.0
2032,0.98,0.02,0.0,1,0.02,0.0
2033,0.0,1.0,0.0,2,1.0,0.0
2034,0.0,1.0,0.0,2,1.0,0.0
2035,0.0,0.0,1.0,3,1.0,1.0
2036,1.0,0.0,0.0,1,0.0,0.0
2037,1.0,0.0,0.0,1,0.0,0.0
2038,0.0,0.0,1.0,3,1.0,1.0
2039,0.0,0.0,1.0,3,1.0,1.0
2040,1.0,0.0,0.0,1,0.0,0.0
2041,1.0,0.0,0.0,1,0.0,0.0
2042,1.0,0.0,0.0,1,0.0,0.0
2043,1.0,0.0,0.0,1,0.0,0.0
2044,1.0,0.0,0.0,1,0.0,0.0
2045,1.0,0.0,0.0,1,0.0,0.0
2046,1.0,0.0,0.0,1,0.0,0.0
2047,1.0,0.0,0.0,1,0.0,0.0
2048,1.0,0.0,0.0,1,0.0,0.0
2049,1.0,0.0,0.0,1,0.0,0.0
2050,0.0,0.0,1.0,3,1.0,1.0
2051,0.0,0.0,1.0,3,1.0,1.0
2052,1.0,0.0,0.0,1,0.0,0.0
2053,1.0,0.0,0.0,1,0.0,0.0
2054,1.0,0.0,0.0,1,0.0,0.0
2055,1.0,0.0,0.0,1,0.0,0.0
2056,1.0,0.0,0.0,1,0.0,0.0
2057,1.0,0.0,0.0,1,0.0,0.0
2058,0.0,1.0,0.0,2,1.0,0.0
2059,1.0,0.0,0.0,1,0.0,0.0
2060,1.0,0.0,0.0,1,0.0,0.0
2061,0.92,0.08,0.0,1,0.08,0.0
2062,1.0,0.0,0.0,1,0.0,0.0
2063,1.0,0.0,0.0,1,0.0,0.0
2064,1.0,0.0,0.0,1,0.0,0.0
2065,1.0,0.0,0.0,1,0.0,0.0
2066,1.0,0.0,0.0,1,0.0,0.0
2067,0.0,0.0,1.0,3,1.0,1.0
2068,1.0,0.0,0.0,1,0.0,0.0
2069,1.0,0.0,0.0,1,0.0,0.0
2070,1.0,0.0,0.0,1,0.0,0.0
2071,1.0,0.0,0.0,1,0.0,0.0
2072,1.0,0.0,0.0,1,0.0,0.0
2073,1.0,0.0,0.0,1,0.0,0.0
2074,0.0,1.0,0.0,2,1.0,0.0
2075,0.0,1.0,0.0,2,1.0,0.0
2076,1.0,0.0,0.0,1,0.0,0.0
2077,1.0,0.0,0.0,1,0.0,0.0
2078,0.01,0.99,0.0,2,0.99,0.0
2079,0.0,0.01,0.99,3,1.0,0.99
2080,1.0,0.0,0.0,1,0.0,0.0
2081,0.0,0.0,1.0,3,1.0,1.0
2082,0.05,0.95,0.0,2,0.95,0.0
2083,0.0,1.0,0.0,2,1.0,0.0
2084,1.0,0.0,0.0,1,0.0,0.0
2085,1.0,0.0,0.0,1,0.0,0.0
2086,0.0,0.0,1.0,3,1.0,1.0
2087,0.0,0.0,1.0,3,1.0,1.0
2088,0.01,0.99,0.0,2,0.99,0.0
2089,0.0,0.0,1.0,3,1.0,1.0
2090,1.0,0.0,0.0,1,0.0,0.0
2091,1.0,0.0,0.0,1,0.0,0.0
2092,0.99,0.01,0.0,1,0.01,0.0
2093,0.0,1.0,0.0,2,1.0,0.0
2094,1.0,0.0,0.0,1,0.0,0.0
2095,1.0,0.0,0.0,1,0.0,0.0
2096,1.0,0.0,0.0,1,0.0,0.0
2097,0.0,0.9,0.1,2,1.0,0.1
2098,0.47,0.53,0.0,2,0.53,0.0
2099,0.0,-0.0,1.0,3,1.0,1.0
2100,0.0,0.0,1.0,3,1.0,1.0
2101,0.0,0.0,1.0,3,1.0,1.0
2102,1.0,0.0,0.0,1,0.0,0.0
2103,1.0,0.0,0.0,1,0.0,0.0
2104,1.0,0.0,0.0,1,0.0,0.0
2105,1.0,0.0,0.0,1,0.0,0.0
2106,1.0,0.0,0.0,1,0.0,0.0
2107,1.0,0.0,0.0,1,0.0,0.0
2108,1.0,0.0,0.0,1,0.0,0.0
2109,1.0,0.0,0.0,1,0.0,0.0
2110,1.0,0.0,0.0,1,0.0,0.0
2111,0.0,1.0,0.0,2,1.0,0.0
2112,1.0,0.0,0.0,1,0.0,0.0
2113,1.0,0.0,0.0,1,0.0,0.0
2114,1.0,0.0,0.0,1,0.0,0.0
2115,1.0,0.0,0.0,1,0.0,0.0
2116,1.0,0.0,0.0,1,0.0,0.0
2117,1.0,0.0,0.0,1,0.0,0.0
2118,1.0,0.0,0.0,1,0.0,0.0
2119,1.0,0.0,0.0,1,0.0,0.0
2120,1.0,0.0,0.0,1,0.0,0.0
2121,1.0,0.0,0.0,1,0.0,0.0
2122,1.0,0.0,0.0,1,0.0,0.0
2123,1.0,0.0,0.0,1,0.0,0.0
2124,0.0,0.99,0.01,2,1.0,0.01
2125,0.0,0.0,1.0,3,1.0,1.0
2126,1.0,0.0,0.0,1,0.0,0.0
2127,1.0,0.0,0.0,1,0.0,0.0
2128,1.0,0.0,0.0,1,0.0,0.0
2129,0.93,0.07,0.0,1,0.07,0.0
2130,0.0,1.0,0.0,2,1.0,0.0
2131,0.0,1.0,0.0,2,1.0,0.0
2132,1.0,0.0,0.0,1,0.0,0.0
2133,1.0,0.0,0.0,1,0.0,0.0
2134,1.0,0.0,0.0,1,0.0,0.0
2135,0.0,1.0,0.0,2,1.0,0.0
2136,1.0,0.0,0.0,1,0.0,0.0
2137,0.98,0.02,0.0,1,0.02,0.0
2138,1.0,0.0,0.0,1,0.0,0.0
2139,1.0,0.0,0.0,1,0.0,0.0
2140,1.0,0.0,0.0,1,0.0,0.0
2141,1.0,0.0,0.0,1,0.0,0.0
2142,1.0,0.0,0.0,1,0.0,0.0
2143,1.0,0.0,0.0,1,0.0,0.0
2144,0.0,0.0,1.0,3,1.0,1.0
2145,0.0,0.0,1.0,3,1.0,1.0
2146,1.0,0.0,0.0,1,0.0,0.0
2147,1.0,-0.1,0.1,1,0.0,0.1
2148,0.0,0.0,1.0,3,1.0,1.0
2149,0.0,0.0,1.0,3,1.0,1.0
2150,1.0,0.0,0.0,1,0.0,0.0
2151,1.0,0.0,0.0,1,0.0,0.0
2152,0.0,0.0,1.0,3,1.0,1.0
2153,0.0,-0.0,1.0,3,1.0,1.0
2154,1.0,0.0,0.0,1,0.0,0.0
2155,1.0,0.0,0.0,1,0.0,0.0
2156,1.0,0.0,0.0,1,0.0,0.0
2157,1.0,0.0,0.0,1,0.0,0.0
2158,1.0,0.0,0.0,1,0.0,0.0
2159,1.0,0.0,0.0,1,0.0,0.0
2160,1.0,0.0,0.0,1,0.0,0.0
2161,0.01,0.99,0.0,2,0.99,0.0
2162,1.0,0.0,0.0,1,0.0,0.0
2163,0.0,0.9,0.1,2,1.0,0.1
2164,1.0,0.0,0.0,1,0.0,0.0
2165,1.0,0.0,0.0,1,0.0,0.0
2166,0.0,0.9,0.1,2,1.0,0.1
2167,0.0,-0.0,1.0,3,1.0,1.0
2168,0.01,0.99,0.0,2,0.99,0.0
2169,0.0,1.0,0.0,2,1.0,0.0
2170,0.0,1.0,0.0,2,1.0,0.0
2171,0.0,1.0,0.0,2,1.0,0.0
2172,1.0,0.0,0.0,1,0.0,0.0
2173,1.0,0.0,0.0,1,0.0,0.0
2174,1.0,0.0,0.0,1,0.0,0.0
2175,1.0,0.0,0.0,1,0.0,0.0
2176,1.0,0.0,0.0,1,0.0,0.0
2177,0.16,0.84,0.0,2,0.84,0.0
2178,0.0,0.0,1.0,3,1.0,1.0
2179,0.0,-0.0,1.0,3,1.0,1.0
2180,1.0,0.0,0.0,1,0.0,0.0
2181,1.0,0.0,0.0,1,0.0,0.0
2182,1.0,0.0,0.0,1,0.0,0.0
2183,1.0,0.0,0.0,1,0.0,0.0
2184,1.0,0.0,0.0,1,0.0,0.0
2185,1.0,0.0,0.0,1,0.0,0.0
2186,1.0,0.0,0.0,1,0.0,0.0
2187,1.0,0.0,0.0,1,0.0,0.0
2188,0.48,0.52,0.0,2,0.52,0.0
2189,0.0,1.0,0.0,2,1.0,0.0
2190,0.0,1.0,0.0,2,1.0,0.0
2191,0.0,0.0,1.0,3,1.0,1.0
2192,1.0,0.0,0.0,1,0.0,0.0
2193,1.0,0.0,0.0,1,0.0,0.0
2194,1.0,0.0,0.0,1,0.0,0.0
2195,1.0,0.0,0.0,1,0.0,0.0
2196,1.0,0.0,0.0,1,0.0,0.0
2197,1.0,0.0,0.0,1,0.0,0.0
2198,1.0,0.0,0.0,1,0.0,0.0
2199,1.0,0.0,0.0,1,0.0,0.0
2200,1.0,0.0,0.0,1,0.0,0.0
2201,1.0,0.0,0.0,1,0.0,0.0
2202,0.0,1.0,0.0,2,1.0,0.0
2203,0.0,0.0,1.0,3,1.0,1.0
2204,1.0,0.0,0.0,1,0.0,0.0
2205,1.0,0.0,0.0,1,0.0,0.0
2206,0.0,-0.0,1.0,3,1.0,1.0
2207,1.0,0.0,0.0,1,0.0,0.0
2208,1.0,0.0,0.0,1,0.0,0.0
2209,1.0,0.0,0.0,1,0.0,0.0
2210,1.0,0.0,0.0,1,0.0,0.0
2211,1.0,0.0,0.0,1,0.0,0.0
2212,1.0,0.0,0.0,1,0.0,0.0
2213,1.0,0.0,0.0,1,0.0,0.0
2214,1.0,0.0,0.0,1,0.0,0.0
2215,1.0,0.0,0.0,1,0.0,0.0
2216,1.0,0.0,0.0,1,0.0,0.0
2217,1.0,0.0,0.0,1,0.0,0.0
2218,1.0,0.0,0.0,1,0.0,0.0
2219,1.0,0.0,0.0,1,0.0,0.0
2220,1.0,0.0,0.0,1,0.0,0.0
2221,1.0,0.0,0.0,1,0.0,0.0
2222,0.0,1.0,0.0,2,1.0,0.0
2223,0.0,0.0,1.0,3,1.0,1.0
2224,1.0,0.0,0.0,1,0.0,0.0
2225,1.0,0.0,0.0,1,0.0,0.0
2226,0.0,1.0,0.0,2,1.0,0.0
2227,0.0,0.03,0.97,3,1.0,0.97
2228,0.0,1.0,0.0,2,1.0,0.0
2229,0.0,0.0,1.0,3,1.0,1.0
2230,1.0,0.0,0.0,1,0.0,0.0
2231,0.01,0.99,0.0,2,0.99,0.0
2232,1.0,0.0,0.0,1,0.0,0.0
2233,1.0,0.0,0.0,1,0.0,0.0
2234,1.0,0.0,0.0,1,0.0,0.0
2235,0.01,0.99,0.0,2,0.99,0.0
2236,0.33,0.32,0.35,3,0.67,0.35
2237,0.0,0.0,1.0,3,1.0,1.0
2238,0.0,1.0,0.0,2,1.0,0.0
2239,0.0,0.0,1.0,3,1.0,1.0
2240,1.0,0.0,0.0,1,0.0,0.0
2241,0.0,1.0,0.0,2,1.0,0.0
2242,0.0,0.0,1.0,3,1.0,1.0
2243,0.0,1.0,0.0,2,1.0,0.0
2244,1.0,0.0,0.0,1,0.0,0.0
2245,1.0,0.0,0.0,1,0.0,0.0
2246,1.0,0.0,0.0,1,0.0,0.0
2247,1.0,0.0,0.0,1,0.0,0.0
2248,1.0,0.0,0.0,1,0.0,0.0
2249,0.45,0.55,0.0,2,0.55,0.0
2250,1.0,0.0,0.0,1,0.0,0.0
2251,1.0,0.0,0.0,1,0.0,0.0
2252,1.0,0.0,0.0,1,0.0,0.0
2253,0.0,1.0,0.0,2,1.0,0.0
2254,0.0,1.0,0.0,2,1.0,0.0
2255,0.0,0.0,1.0,3,1.0,1.0
2256,0.01,0.99,0.0,2,0.99,0.0
2257,0.0,0.0,1.0,3,1.0,1.0
2258,1.0,0.0,0.0,1,0.0,0.0
2259,1.0,0.0,0.0,1,0.0,0.0
2260,1.0,0.0,0.0,1,0.0,0.0
2261,1.0,0.0,0.0,1,0.0,0.0
2262,1.0,0.0,0.0,1,0.0,0.0
2263,1.0,0.0,0.0,1,0.0,0.0
2264,1.0,0.0,0.0,1,0.0,0.0
2265,0.0,-0.0,1.0,3,1.0,1.0
2266,0.0,0.0,1.0,3,1.0,1.0
2267,0.0,0.0,1.0,3,1.0,1.0
2268,1.0,-0.0,0.0,1,0.0,0.0
2269,1.0,0.0,0.0,1,0.0,0.0
2270,1.0,0.0,0.0,1,0.0,0.0
2271,1.0,0.0,0.0,1,0.0,0.0
2272,1.0,0.0,0.0,1,0.0,0.0
2273,1.0,0.0,0.0,1,0.0,0.0
2274,1.0,0.0,0.0,1,0.0,0.0
2275,1.0,0.0,0.0,1,0.0,0.0
2276,1.0,0.0,0.0,1,0.0,0.0
2277,0.99,0.01,0.0,1,0.01,0.0
2278,1.0,0.0,0.0,1,0.0,0.0
2279,1.0,0.0,0.0,1,0.0,0.0
2280,1.0,0.0,0.0,1,0.0,0.0
2281,1.0,0.0,0.0,1,0.0,0.0
2282,1.0,0.0,0.0,1,0.0,0.0
2283,1.0,0.0,0.0,1,0.0,0.0
2284,1.0,0.0,0.0,1,0.0,0.0
2285,1.0,0.0,0.0,1,0.0,0.0
2286,1.0,0.0,0.0,1,0.0,0.0
2287,1.0,0.0,0.0,1,0.0,0.0
2288,1.0,0.0,0.0,1,0.0,0.0
2289,1.0,0.0,0.0,1,0.0,0.0
2290,1.0,0.0,0.0,1,0.0,0.0
2291,1.0,0.0,0.0,1,0.0,0.0
2292,1.0,0.0,0.0,1,0.0,0.0
2293,1.0,0.0,0.0,1,0.0,0.0
2294,1.0,0.0,0.0,1,0.0,0.0
2295,1.0,0.0,0.0,1,0.0,0.0
2296,1.0,0.0,0.0,1,0.0,0.0
2297,0.0,1.0,0.0,2,1.0,0.0
2298,1.0,0.0,0.0,1,0.0,0.0
2299,1.0,0.0,0.0,1,0.0,0.0
2300,1.0,0.0,0.0,1,0.0,0.0
2301,1.0,0.0,0.0,1,0.0,0.0
2302,1.0,0.0,0.0,1,0.0,0.0
2303,1.0,0.0,0.0,1,0.0,0.0
2304,1.0,0.0,0.0,1,0.0,0.0
2305,0.0,0.0,1.0,3,1.0,1.0
2306,1.0,0.0,0.0,1,0.0,0.0
2307,1.0,0.0,0.0,1,0.0,0.0
2308,0.04,0.62,0.35,2,0.96,0.35
2309,0.0,0.0,1.0,3,1.0,1.0
2310,0.99,0.01,0.0,1,0.01,0.0
2311,0.0,1.0,0.0,2,1.0,0.0
2312,1.0,0.0,0.0,1,0.0,0.0
2313,1.0,0.0,0.0,1,0.0,0.0
2314,1.0,0.0,0.0,1,0.0,0.0
2315,1.0,0.0,0.0,1,0.0,0.0
2316,1.0,0.0,0.0,1,0.0,0.0
2317,1.0,0.0,0.0,1,0.0,0.0
2318,0.0,1.0,0.0,2,1.0,0.0
2319,0.0,1.0,0.0,2,1.0,0.0
2320,1.0,0.0,0.0,1,0.0,0.0
2321,1.0,0.0,0.0,1,0.0,0.0
2322,0.98,0.02,0.0,1,0.02,0.0
2323,0.0,0.9,0.1,2,1.0,0.1
2324,1.0,0.0,0.0,1,0.0,0.0
2325,0.0,0.0,1.0,3,1.0,1.0
2326,1.0,0.0,0.0,1,0.0,0.0
2327,0.0,1.0,0.0,2,1.0,0.0
2328,1.0,0.0,0.0,1,0.0,0.0
2329,1.0,0.0,0.0,1,0.0,0.0
2330,0.0,0.03,0.97,3,1.0,0.97
2331,0.0,0.0,1.0,3,1.0,1.0
2332,1.0,0.0,0.0,1,0.0,0.0
2333,0.0,1.0,0.0,2,1.0,0.0
2334,-0.0,1.0,0.0,2,1.0,0.0
2335,0.0,0.0,1.0,3,1.0,1.0
2336,1.0,0.0,0.0,1,0.0,0.0
2337,1.0,0.0,0.0,1,0.0,0.0
2338,0.0,1.0,0.0,2,1.0,0.0
2339,0.0,-0.0,1.0,3,1.0,1.0
2340,1.0,0.0,0.0,1,0.0,0.0
2341,1.0,0.0,0.0,1,0.0,0.0
2342,1.0,0.0,0.0,1,0.0,0.0
2343,1.0,0.0,0.0,1,0.0,0.0
2344,1.0,0.0,0.0,1,0.0,0.0
2345,1.0,0.0,0.0,1,0.0,0.0
2346,0.04,0.96,0.0,2,0.96,0.0
2347,0.0,-0.0,1.0,3,1.0,1.0
2348,1.0,0.0,0.0,1,0.0,0.0
2349,1.0,-0.0,0.0,1,0.0,0.0
2350,-0.0,1.0,0.0,2,1.0,0.0
2351,-0.0,1.0,0.0,2,1.0,0.0
2352,1.0,0.0,0.0,1,0.0,0.0
2353,1.0,0.0,0.0,1,0.0,0.0
2354,1.0,0.0,0.0,1,0.0,0.0
2355,1.0,0.0,0.0,1,0.0,0.0
2356,1.0,-0.0,0.0,1,0.0,0.0
2357,1.0,0.0,0.0,1,0.0,0.0
2358,0.0,0.9,0.1,2,1.0,0.1
2359,0.0,0.0,1.0,3,1.0,1.0
2360,0.0,1.0,0.0,2,1.0,0.0
2361,0.0,-0.0,1.0,3,1.0,1.0
2362,1.0,-0.0,0.0,1,0.0,0.0
2363,1.0,0.0,0.0,1,0.0,0.0
2364,1.0,0.0,0.0,1,0.0,0.0
2365,1.0,0.0,0.0,1,0.0,0.0
2366,1.0,0.0,0.0,1,0.0,0.0
2367,1.0,0.0,0.0,1,0.0,0.0
2368,1.0,0.0,0.0,1,0.0,0.0
2369,1.0,0.0,0.0,1,0.0,0.0
2370,1.0,0.0,0.0,1,0.0,0.0
2371,0.99,0.01,0.0,1,0.01,0.0
2372,1.0,-0.0,0.0,1,0.0,0.0
2373,0.0,0.9,0.1,2,1.0,0.1
2374,0.0,1.0,0.0,2,1.0,0.0
2375,0.0,-0.0,1.0,3,1.0,1.0
2376,1.0,0.0,0.0,1,0.0,0.0
2377,0.45,0.55,0.0,2,0.55,0.0
2378,1.0,0.0,0.0,1,0.0,0.0
2379,0.0,0.0,1.0,3,1.0,1.0
2380,1.0,0.0,0.0,1,0.0,0.0
2381,1.0,0.0,0.0,1,0.0,0.0
2382,0.0,1.0,0.0,2,1.0,0.0
2383,0.0,1.0,0.0,2,1.0,0.0
2384,0.01,-0.01,1.0,3,0.99,1.0
2385,0.0,-0.0,1.0,3,1.0,1.0
2386,1.0,0.0,0.0,1,0.0,0.0
2387,1.0,0.0,0.0,1,0.0,0.0
2388,1.0,0.0,0.0,1,0.0,0.0
2389,1.0,0.0,0.0,1,0.0,0.0
2390,1.0,0.0,0.0,1,0.0,0.0
2391,1.0,0.0,0.0,1,0.0,0.0
2392,1.0,0.0,0.0,1,0.0,0.0
2393,0.0,0.0,1.0,3,1.0,1.0
2394,1.0,0.0,0.0,1,0.0,0.0
2395,1.0,0.0,0.0,1,0.0,0.0
2396,0.0,1.0,0.0,2,1.0,0.0
2397,0.0,0.0,1.0,3,1.0,1.0
2398,0.0,1.0,0.0,2,1.0,0.0
2399,0.0,0.0,1.0,3,1.0,1.0
2400,1.0,0.0,0.0,1,0.0,0.0
2401,1.0,0.0,0.0,1,0.0,0.0
2402,1.0,0.0,0.0,1,0.0,0.0
2403,1.0,0.0,0.0,1,0.0,0.0
2404,1.0,0.0,0.0,1,0.0,0.0
2405,0.0,1.0,0.0,2,1.0,0.0
2406,1.0,0.0,0.0,1,0.0,0.0
2407,0.0,1.0,0.0,2,1.0,0.0
2408,1.0,0.0,0.0,1,0.0,0.0
2409,1.0,0.0,0.0,1,0.0,0.0
2410,0.01,0.99,0.0,2,0.99,0.0
2411,0.0,0.0,1.0,3,1.0,1.0
2412,1.0,0.0,0.0,1,0.0,0.0
2413,1.0,0.0,0.0,1,0.0,0.0
2414,1.0,0.0,0.0,1,0.0,0.0
2415,1.0,0.0,0.0,1,0.0,0.0
2416,1.0,0.0,0.0,1,0.0,0.0
2417,1.0,0.0,0.0,1,0.0,0.0
2418,1.0,0.0,0.0,1,0.0,0.0
2419,1.0,0.0,0.0,1,0.0,0.0
2420,1.0,0.0,0.0,1,0.0,0.0
2421,1.0,0.0,0.0,1,0.0,0.0
2422,1.0,0.0,0.0,1,0.0,0.0
2423,1.0,0.0,0.0,1,0.0,0.0
2424,0.03,0.97,0.0,2,0.97,0.0
2425,0.0,1.0,0.0,2,1.0,0.0
2426,1.0,-0.1,0.1,1,0.0,0.1
2427,1.0,0.0,0.0,1,0.0,0.0
2428,1.0,-0.0,0.0,1,0.0,0.0
2429,0.92,0.08,0.0,1,0.08,0.0
2430,1.0,0.0,0.0,1,0.0,0.0
2431,1.0,0.0,0.0,1,0.0,0.0
2432,1.0,-0.0,0.0,1,0.0,0.0
2433,1.0,0.0,0.0,1,0.0,0.0
2434,1.0,0.0,0.0,1,0.0,0.0
2435,1.0,0.0,0.0,1,0.0,0.0
2436,1.0,0.0,0.0,1,0.0,0.0
2437,0.98,0.02,0.0,1,0.02,0.0
2438,0.0,1.0,0.0,2,1.0,0.0
2439,0.0,0.0,1.0,3,1.0,1.0
2440,1.0,0.0,0.0,1,0.0,0.0
2441,1.0,0.0,0.0,1,0.0,0.0
2442,1.0,0.0,0.0,1,0.0,0.0
2443,1.0,0.0,0.0,1,0.0,0.0
2444,1.0,-0.0,0.0,1,0.0,0.0
2445,1.0,0.0,0.0,1,0.0,0.0
2446,1.0,0.0,0.0,1,0.0,0.0
2447,1.0,0.0,0.0,1,0.0,0.0
2448,1.0,0.0,0.0,1,0.0,0.0
2449,1.0,0.0,0.0,1,0.0,0.0
2450,-0.0,1.0,0.0,2,1.0,0.0
2451,0.0,0.0,1.0,3,1.0,1.0
2452,1.0,0.0,0.0,1,0.0,0.0
2453,1.0,0.0,0.0,1,0.0,0.0
2454,0.01,0.99,0.0,2,0.99,0.0
2455,0.0,0.65,0.35,2,1.0,0.35
2456,0.0,1.0,0.0,2,1.0,0.0
2457,0.0,0.0,1.0,3,1.0,1.0
2458,1.0,0.0,0.0,1,0.0,0.0
2459,1.0,0.0,0.0,1,0.0,0.0
2460,1.0,0.0,0.0,1,0.0,0.0
2461,1.0,0.0,0.0,1,0.0,0.0
2462,1.0,0.0,0.0,1,0.0,0.0
2463,1.0,0.0,0.0,1,0.0,0.0
2464,1.0,0.0,0.0,1,0.0,0.0
2465,1.0,0.0,0.0,1,0.0,0.0
2466,1.0,0.0,0.0,1,0.0,0.0
2467,1.0,0.0,0.0,1,0.0,0.0
2468,1.0,-0.0,0.0,1,0.0,0.0
2469,1.0,0.0,0.0,1,0.0,0.0
2470,1.0,0.0,0.0,1,0.0,0.0
2471,-0.0,1.0,0.0,2,1.0,0.0
2472,1.0,0.0,0.0,1,0.0,0.0
2473,1.0,0.0,0.0,1,0.0,0.0
2474,1.0,0.0,0.0,1,0.0,0.0
2475,0.0,-0.0,1.0,3,1.0,1.0
2476,0.04,-0.04,1.0,3,0.96,1.0
2477,0.0,0.0,1.0,3,1.0,1.0
2478,1.0,0.0,0.0,1,0.0,0.0
2479,0.17,0.83,0.0,2,0.83,0.0
2480,0.03,0.97,0.0,2,0.97,0.0
2481,0.0,1.0,0.0,2,1.0,0.0
2482,0.16,0.84,0.0,2,0.84,0.0
2483,0.0,-0.0,1.0,3,1.0,1.0
2484,1.0,0.0,0.0,1,0.0,0.0
2485,0.99,-0.35,0.36,1,0.01,0.36
2486,1.0,0.0,0.0,1,0.0,0.0
2487,1.0,0.0,0.0,1,0.0,0.0
2488,1.0,0.0,0.0,1,0.0,0.0
2489,0.82,0.18,0.0,1,0.18,0.0
2490,0.75,0.25,0.0,1,0.25,0.0
2491,0.75,0.25,0.0,1,0.25,0.0
2492,1.0,0.0,0.0,1,0.0,0.0
2493,1.0,0.0,0.0,1,0.0,0.0
2494,1.0,0.0,0.0,1,0.0,0.0
2495,0.0,0.0,1.0,3,1.0,1.0
2496,0.12,0.88,0.0,2,0.88,0.0
2497,0.0,1.0,0.0,2,1.0,0.0
2498,1.0,0.0,0.0,1,0.0,0.0
2499,1.0,0.0,0.0,1,0.0,0.0
2500,1.0,0.0,0.0,1,0.0,0.0
2501,0.0,1.0,0.0,2,1.0,0.0
2502,1.0,0.0,0.0,1,0.0,0.0
2503,1.0,0.0,0.0,1,0.0,0.0
2504,1.0,0.0,0.0,1,0.0,0.0
2505,1.0,0.0,0.0,1,0.0,0.0
2506,0.45,0.55,0.0,2,0.55,0.0
2507,0.0,1.0,0.0,2,1.0,0.0
2508,1.0,0.0,0.0,1,0.0,0.0
2509,1.0,0.0,0.0,1,0.0,0.0
2510,1.0,0.0,0.0,1,0.0,0.0
2511,1.0,0.0,0.0,1,0.0,0.0
2512,0.0,-0.0,1.0,3,1.0,1.0
2513,0.0,0.0,1.0,3,1.0,1.0
2514,1.0,0.0,0.0,1,0.0,0.0
2515,1.0,0.0,0.0,1,0.0,0.0
2516,1.0,0.0,0.0,1,0.0,0.0
2517,1.0,0.0,0.0,1,0.0,0.0
2518,1.0,0.0,0.0,1,0.0,0.0
2519,1.0,0.0,0.0,1,0.0,0.0
2520,0.0,1.0,0.0,2,1.0,0.0
2521,0.0,-0.0,1.0,3,1.0,1.0
2522,1.0,0.0,0.0,1,0.0,0.0
2523,1.0,0.0,0.0,1,0.0,0.0
2524,1.0,0.0,0.0,1,0.0,0.0
2525,0.01,0.99,0.0,2,0.99,0.0
2526,1.0,0.0,0.0,1,0.0,0.0
2527,1.0,0.0,0.0,1,0.0,0.0
2528,0.0,1.0,0.0,2,1.0,0.0
2529,0.0,0.0,1.0,3,1.0,1.0
2530,1.0,0.0,0.0,1,0.0,0.0
2531,1.0,0.0,0.0,1,0.0,0.0
2532,1.0,0.0,0.0,1,0.0,0.0
2533,1.0,0.0,0.0,1,0.0,0.0
2534,0.47,0.53,0.0,2,0.53,0.0
2535,0.0,0.64,0.36,2,1.0,0.36
2536,1.0,0.0,0.0,1,0.0,0.0
2537,0.0,1.0,0.0,2,1.0,0.0
2538,0.0,1.0,0.0,2,1.0,0.0
2539,0.99,0.01,0.0,1,0.01,0.0
2540,1.0,0.0,0.0,1,0.0,0.0
2541,0.84,0.16,0.0,1,0.16,0.0
2542,1.0,0.0,0.0,1,0.0,0.0
2543,1.0,0.0,0.0,1,0.0,0.0
2544,1.0,0.0,0.0,1,0.0,0.0
2545,1.0,0.0,0.0,1,0.0,0.0
2546,1.0,0.0,0.0,1,0.0,0.0
2547,1.0,0.0,0.0,1,0.0,0.0
2548,1.0,0.0,0.0,1,0.0,0.0
2549,1.0,0.0,0.0,1,0.0,0.0
2550,-0.0,1.0,0.0,2,1.0,0.0
2551,0.0,0.0,1.0,3,1.0,1.0
2552,1.0,0.0,0.0,1,0.0,0.0
2553,0.0,0.0,1.0,3,1.0,1.0
2554,1.0,0.0,0.0,1,0.0,0.0
2555,0.0,1.0,0.0,2,1.0,0.0
2556,1.0,0.0,0.0,1,0.0,0.0
2557,1.0,0.0,0.0,1,0.0,0.0
2558,1.0,0.0,0.0,1,0.0,0.0
2559,1.0,0.0,0.0,1,0.0,0.0
2560,1.0,0.0,0.0,1,0.0,0.0
2561,0.0,1.0,0.0,2,1.0,0.0
2562,0.0,1.0,0.0,2,1.0,0.0
2563,0.0,1.0,0.0,2,1.0,0.0
2564,0.0,0.0,1.0,3,1.0,1.0
2565,0.0,0.0,1.0,3,1.0,1.0
2566,1.0,0.0,0.0,1,0.0,0.0
2567,1.0,0.0,0.0,1,0.0,0.0
2568,1.0,-0.07,0.07,1,0.0,0.07
2569,-0.0,0.93,0.07,2,1.0,0.07
2570,1.0,0.0,0.0,1,0.0,0.0
2571,1.0,0.0,0.0,1,0.0,0.0
2572,1.0,0.0,0.0,1,0.0,0.0
2573,1.0,0.0,0.0,1,0.0,0.0
2574,1.0,0.0,0.0,1,0.0,0.0
2575,0.0,1.0,0.0,2,1.0,0.0
2576,0.0,0.03,0.97,3,1.0,0.97
2577,0.0,0.0,1.0,3,1.0,1.0
2578,0.92,0.08,0.0,1,0.08,0.0
2579,1.0,0.0,0.0,1,0.0,0.0
2580,1.0,0.0,0.0,1,0.0,0.0
2581,1.0,0.0,0.0,1,0.0,0.0
2582,1.0,0.0,0.0,1,0.0,0.0
2583,1.0,0.0,0.0,1,0.0,0.0
2584,1.0,0.0,0.0,1,0.0,0.0
2585,1.0,0.0,0.0,1,0.0,0.0
2586,0.0,1.0,0.0,2,1.0,0.0
2587,1.0,0.0,0.0,1,0.0,0.0
2588,1.0,0.0,0.0,1,0.0,0.0
2589,1.0,-0.0,0.0,1,0.0,0.0
2590,1.0,0.0,0.0,1,0.0,0.0
2591,1.0,0.0,0.0,1,0.0,0.0
2592,1.0,0.0,0.0,1,0.0,0.0
2593,1.0,0.0,0.0,1,0.0,0.0
2594,1.0,0.0,0.0,1,0.0,0.0
2595,1.0,0.0,0.0,1,0.0,0.0
2596,0.0,1.0,0.0,2,1.0,0.0
2597,0.0,1.0,0.0,2,1.0,0.0
2598,1.0,0.0,0.0,1,0.0,0.0
2599,1.0,0.0,0.0,1,0.0,0.0
2600,1.0,0.0,0.0,1,0.0,0.0
2601,1.0,0.0,0.0,1,0.0,0.0
2602,1.0,0.0,0.0,1,0.0,0.0
2603,1.0,0.0,0.0,1,0.0,0.0
2604,1.0,0.0,0.0,1,0.0,0.0
2605,0.0,1.0,0.0,2,1.0,0.0
2606,0.01,0.99,0.0,2,0.99,0.0
2607,0.0,0.0,1.0,3,1.0,1.0
2608,1.0,0.0,0.0,1,0.0,0.0
2609,1.0,0.0,0.0,1,0.0,0.0
2610,1.0,0.0,0.0,1,0.0,0.0
2611,0.18,0.82,0.0,2,0.82,0.0
2612,1.0,0.0,0.0,1,0.0,0.0
2613,1.0,0.0,0.0,1,0.0,0.0
2614,1.0,0.0,0.0,1,0.0,0.0
2615,1.0,0.0,0.0,1,0.0,0.0
2616,1.0,0.0,0.0,1,0.0,0.0
2617,1.0,0.0,0.0,1,0.0,0.0
2618,1.0,0.0,0.0,1,0.0,0.0
2619,1.0,0.0,0.0,1,0.0,0.0
2620,1.0,-0.0,0.0,1,0.0,0.0
2621,1.0,0.0,0.0,1,0.0,0.0
2622,0.0,0.0,1.0,3,1.0,1.0
2623,0.0,-0.0,1.0,3,1.0,1.0
2624,1.0,0.0,0.0,1,0.0,0.0
2625,1.0,0.0,0.0,1,0.0,0.0
2626,1.0,0.0,0.0,1,0.0,0.0
2627,1.0,0.0,0.0,1,0.0,0.0
2628,1.0,0.0,0.0,1,0.0,0.0
2629,1.0,0.0,0.0,1,0.0,0.0
2630,1.0,0.0,0.0,1,0.0,0.0
2631,0.0,1.0,0.0,2,1.0,0.0
2632,1.0,0.0,0.0,1,0.0,0.0
2633,1.0,0.0,0.0,1,0.0,0.0
2634,0.0,1.0,0.0,2,1.0,0.0
2635,0.0,0.0,1.0,3,1.0,1.0
2636,1.0,0.0,0.0,1,0.0,0.0
2637,1.0,0.0,0.0,1,0.0,0.0
2638,1.0,0.0,0.0,1,0.0,0.0
2639,1.0,0.0,0.0,1,0.0,0.0
2640,0.0,1.0,0.0,2,1.0,0.0
2641,0.0,0.0,1.0,3,1.0,1.0
2642,1.0,0.0,0.0,1,0.0,0.0
2643,1.0,0.0,0.0,1,0.0,0.0
2644,1.0,0.0,0.0,1,0.0,0.0
2645,1.0,0.0,0.0,1,0.0,0.0
2646,1.0,0.0,0.0,1,0.0,0.0
2647,1.0,0.0,0.0,1,0.0,0.0
2648,1.0,0.0,0.0,1,0.0,0.0
2649,0.82,0.18,0.0,1,0.18,0.0
2650,1.0,0.0,0.0,1,0.0,0.0
2651,1.0,0.0,0.0,1,0.0,0.0
2652,1.0,0.0,0.0,1,0.0,0.0
2653,1.0,0.0,0.0,1,0.0,0.0
2654,1.0,0.0,0.0,1,0.0,0.0
2655,0.0,0.0,1.0,3,1.0,1.0
2656,1.0,0.0,0.0,1,0.0,0.0
2657,1.0,0.0,0.0,1,0.0,0.0
2658,1.0,0.0,0.0,1,0.0,0.0
2659,1.0,0.0,0.0,1,0.0,0.0
2660,1.0,0.0,0.0,1,0.0,0.0
2661,1.0,0.0,0.0,1,0.0,0.0
2662,1.0,0.0,0.0,1,0.0,0.0
2663,1.0,0.0,0.0,1,0.0,0.0
2664,1.0,0.0,0.0,1,0.0,0.0
2665,0.0,1.0,0.0,2,1.0,0.0
2666,1.0,0.0,0.0,1,0.0,0.0
2667,1.0,0.0,0.0,1,0.0,0.0
2668,1.0,0.0,0.0,1,0.0,0.0
2669,-0.0,1.0,0.0,2,1.0,0.0
2670,1.0,0.0,0.0,1,0.0,0.0
2671,1.0,0.0,0.0,1,0.0,0.0
2672,1.0,0.0,0.0,1,0.0,0.0
2673,1.0,0.0,0.0,1,0.0,0.0
2674,1.0,0.0,0.0,1,0.0,0.0
2675,1.0,0.0,0.0,1,0.0,0.0
2676,1.0,0.0,0.0,1,0.0,0.0
2677,0.0,1.0,0.0,2,1.0,0.0
2678,0.18,0.82,0.0,2,0.82,0.0
2679,0.18,0.82,0.0,2,0.82,0.0
2680,1.0,0.0,0.0,1,0.0,0.0
2681,1.0,0.0,0.0,1,0.0,0.0
2682,1.0,0.0,0.0,1,0.0,0.0
2683,1.0,0.0,0.0,1,0.0,0.0
2684,1.0,0.0,0.0,1,0.0,0.0
2685,0.0,1.0,0.0,2,1.0,0.0
2686,1.0,0.0,0.0,1,0.0,0.0
2687,1.0,0.0,0.0,1,0.0,0.0
2688,1.0,0.0,0.0,1,0.0,0.0
2689,1.0,0.0,0.0,1,0.0,0.0
2690,1.0,0.0,0.0,1,0.0,0.0
2691,1.0,0.0,0.0,1,0.0,0.0
2692,1.0,0.0,0.0,1,0.0,0.0
2693,1.0,0.0,0.0,1,0.0,0.0
2694,0.98,0.02,0.0,1,0.02,0.0
2695,0.0,-0.0,1.0,3,1.0,1.0
2696,1.0,0.0,0.0,1,0.0,0.0
2697,1.0,0.0,0.0,1,0.0,0.0
2698,1.0,0.0,0.0,1,0.0,0.0
2699,1.0,0.0,0.0,1,0.0,0.0
2700,1.0,0.0,0.0,1,0.0,0.0
2701,0.0,1.0,0.0,2,1.0,0.0
2702,0.03,0.97,0.0,2,0.97,0.0
2703,0.0,0.0,1.0,3,1.0,1.0
2704,1.0,0.0,0.0,1,0.0,0.0
2705,0.0,0.0,1.0,3,1.0,1.0
2706,1.0,0.0,0.0,1,0.0,0.0
2707,1.0,0.0,0.0,1,0.0,0.0
2708,1.0,0.0,0.0,1,0.0,0.0
2709,1.0,0.0,0.0,1,0.0,0.0
2710,1.0,0.0,0.0,1,0.0,0.0
2711,1.0,0.0,0.0,1,0.0,0.0
2712,1.0,0.0,0.0,1,0.0,0.0
2713,1.0,0.0,0.0,1,0.0,0.0
2714,1.0,0.0,0.0,1,0.0,0.0
2715,0.0,0.0,1.0,3,1.0,1.0
2716,1.0,0.0,0.0,1,0.0,0.0
2717,0.0,1.0,0.0,2,1.0,0.0
2718,0.0,0.0,1.0,3,1.0,1.0
2719,0.0,-0.0,1.0,3,1.0,1.0
2720,1.0,0.0,0.0,1,0.0,0.0
2721,0.0,1.0,0.0,2,1.0,0.0
2722,1.0,0.0,0.0,1,0.0,0.0
2723,1.0,0.0,0.0,1,0.0,0.0
2724,1.0,0.0,0.0,1,0.0,0.0
2725,1.0,0.0,0.0,1,0.0,0.0
2726,1.0,0.0,0.0,1,0.0,0.0
2727,1.0,0.0,0.0,1,0.0,0.0
2728,0.0,-0.0,1.0,3,1.0,1.0
2729,0.0,0.0,1.0,3,1.0,1.0
2730,0.0,1.0,0.0,2,1.0,0.0
2731,1.0,0.0,0.0,1,0.0,0.0
2732,1.0,0.0,0.0,1,0.0,0.0
2733,-0.0,1.0,0.0,2,1.0,0.0
2734,1.0,0.0,0.0,1,0.0,0.0
2735,1.0,0.0,0.0,1,0.0,0.0
2736,1.0,0.0,0.0,1,0.0,0.0
2737,1.0,0.0,0.0,1,0.0,0.0
2738,1.0,0.0,0.0,1,0.0,0.0
2739,1.0,0.0,0.0,1,0.0,0.0
2740,1.0,0.0,0.0,1,0.0,0.0
2741,1.0,0.0,0.0,1,0.0,0.0
2742,1.0,0.0,0.0,1,0.0,0.0
2743,1.0,0.0,0.0,1,0.0,0.0
2744,1.0,0.0,0.0,1,0.0,0.0
2745,1.0,0.0,0.0,1,0.0,0.0
2746,1.0,0.0,0.0,1,0.0,0.0
2747,1.0,0.0,0.0,1,0.0,0.0
2748,1.0,0.0,0.0,1,0.0,0.0
2749,1.0,0.0,0.0,1,0.0,0.0
2750,1.0,0.0,0.0,1,0.0,0.0
2751,1.0,0.0,0.0,1,0.0,0.0
2752,1.0,0.0,0.0,1,0.0,0.0
2753,0.0,0.0,1.0,3,1.0,1.0
2754,1.0,0.0,0.0,1,0.0,0.0
2755,1.0,0.0,0.0,1,0.0,0.0
2756,0.0,0.0,1.0,3,1.0,1.0
2757,0.0,0.0,1.0,3,1.0,1.0
2758,1.0,0.0,0.0,1,0.0,0.0
2759,1.0,0.0,0.0,1,0.0,0.0
2760,1.0,0.0,0.0,1,0.0,0.0
2761,0.0,0.0,1.0,3,1.0,1.0
2762,1.0,0.0,0.0,1,0.0,0.0
2763,1.0,0.0,0.0,1,0.0,0.0
2764,1.0,0.0,0.0,1,0.0,0.0
2765,1.0,0.0,0.0,1,0.0,0.0
2766,0.43,0.57,0.0,2,0.57,0.0
2767,0.0,0.65,0.35,2,1.0,0.35
2768,1.0,0.0,0.0,1,0.0,0.0
2769,1.0,0.0,0.0,1,0.0,0.0
2770,1.0,0.0,0.0,1,0.0,0.0
2771,1.0,0.0,0.0,1,0.0,0.0
2772,0.0,0.0,1.0,3,1.0,1.0
2773,0.0,0.0,1.0,3,1.0,1.0
2774,1.0,0.0,0.0,1,0.0,0.0
2775,1.0,0.0,0.0,1,0.0,0.0
2776,1.0,0.0,0.0,1,0.0,0.0
2777,1.0,0.0,0.0,1,0.0,0.0
2778,1.0,0.0,0.0,1,0.0,0.0
2779,1.0,0.0,0.0,1,0.0,0.0
2780,1.0,0.0,0.0,1,0.0,0.0
2781,1.0,0.0,0.0,1,0.0,0.0
2782,1.0,0.0,0.0,1,0.0,0.0
2783,1.0,0.0,0.0,1,0.0,0.0
2784,1.0,0.0,0.0,1,0.0,0.0
2785,1.0,0.0,0.0,1,0.0,0.0
2786,0.48,0.52,0.0,2,0.52,0.0
2787,1.0,0.0,0.0,1,0.0,0.0
2788,1.0,0.0,0.0,1,0.0,0.0
2789,1.0,0.0,0.0,1,0.0,0.0
2790,1.0,0.0,0.0,1,0.0,0.0
2791,1.0,0.0,0.0,1,0.0,0.0
2792,0.12,0.88,0.0,2,0.88,0.0
2793,0.0,0.0,1.0,3,1.0,1.0
2794,1.0,0.0,0.0,1,0.0,0.0
2795,0.0,1.0,0.0,2,1.0,0.0
2796,1.0,0.0,0.0,1,0.0,0.0
2797,0.0,0.0,1.0,3,1.0,1.0
2798,1.0,0.0,0.0,1,0.0,0.0
2799,1.0,0.0,0.0,1,0.0,0.0
