UA_ang,LA_ang,UL_ang,LL_ang
9.992602944523094,6.814960302108955,33.10618193647579,16.871805107001368
13.740886332079329,23.86048886882691,26.999978064445497,37.288102974201735
4.149138558214278,10.8470041440511,6.166893986776438,24.171608676651385
25.084536250252945,16.006022137356805,14.204978963782404,8.547228348479495
15.916733919637199,91.54255913471523,20.630141885111946,103.87903067028209
3.441489602460006,15.312703038757842,52.411314128439194,52.724133191835534
20.386108654941978,31.39240647103226,16.747024872431076,15.763544200640396
26.89578777933571,30.623828725738466,13.91952778261513,20.833983313486204
7.052020973606955,24.07572237381232,16.803289567780798,7.134538197444911
8.574403320732872,33.05496432650053,17.67551168734619,7.541408257482195
38.76510697046113,77.33027518674868,5.328868112196591,45.46765320792596
42.77304593670041,64.45957821263893,13.11238151505236,18.726168929856044
30.893695183778878,116.93489723870748,7.84700662920793,72.17434911053633
38.808978936201036,41.04617260784578,20.630522383094174,38.66019268609844
40.42812270459184,56.83954530572861,27.5452623356324,25.666833298505086
21.031593416170406,42.81977740241258,22.410407371473287,23.80266454747274
6.21684807616393,7.664492714463696,13.316010887237395,6.583751115338915
19.91836863189728,50.416266669408856,33.080033703900554,30.628090654566602
4.136916401497544,22.724413554030082,4.136496996706269,4.2981848438891594
11.785003681965367,14.860514524517182,53.93178275614056,11.955020216658328
13.180368981162598,44.90345037096685,13.631526835679967,34.11298558052874
31.885438156919353,50.99766854448737,15.829605835795581,34.58414598979872
14.961967128008563,28.09474738648325,19.14813609034982,22.996088353374315
30.189210936479874,46.330068641203894,16.12380550286632,36.98166396977576
12.967266335517984,71.60960922241055,39.21933531441549,21.560999055588834
42.03867373924421,36.40070777578707,44.89005575829572,67.34190306097648
8.550371292867597,10.550514419749627,11.022304127407644,54.07254203658596
24.297984763613723,9.96618568461628,35.7186598180202,23.546993798238866
17.65683147930637,27.309171276385264,22.722223827426753,7.529976426105085
5.99003488905103,3.316424967954506,9.006568614086213,17.614795599204278
12.458604792297397,42.37838490681248,12.754240787138674,16.801515406900112
21.613749343884766,11.618545183453362,24.75602855388237,5.16008804777128
12.357011008688083,17.131934106154997,14.858310153041973,53.27588637940092
9.100042221262678,22.01394021169761,14.890988139966343,9.273015022748716
21.901783718517116,22.63730459077403,29.27709999517942,6.07211087146235
10.467525624506958,30.513425425489213,12.69669594071479,23.24546327173157
15.154291705410818,68.82328780625538,17.046376235280803,15.919447970430642
28.2308172431533,4.336251855262474,11.985875851302803,20.45814045059372
16.311604127456256,2.3214042000880197,5.725137630296099,11.543117266002744
16.13696783455889,12.94068609371454,12.939405449913126,17.0136567205565
18.923215826459348,5.790122997253784,8.382234499343305,31.875556220553847
12.361748940260856,19.90149378760512,18.132298126623777,4.368663406361944
20.87614179903462,51.019430267669094,25.011035690914632,17.655407384228038
6.229796451885495,53.01607868362006,41.27352905063531,60.73852426123611
11.591984441629872,11.887917662486515,19.196325028983242,45.69865161826189
26.49448572115725,25.70733357851079,12.980931247259262,18.59984605580122
22.52472818021302,15.084799004091183,31.79443443101248,44.094803097060655
12.301922307894666,27.555356965827702,6.624373185914566,6.527697308522492
16.481808940219477,8.161395960264326,35.45569248640258,13.425301090200753
31.058030956611137,125.69196061310753,30.45793536886393,5.8855874979665375
35.55829264627926,39.955272750696,36.113973218139755,26.134591580111774
52.092452002325295,49.57336748043907,8.848470920241438,38.871007646408394
30.836239377842407,55.18236320969584,22.671200842657328,92.01303363965395
23.670030771259196,24.494980071235886,5.2679721035521885,37.49878013445325
43.25260400237323,113.28986516470657,19.79119273453781,22.177282345757217
25.66340718856272,4.298703550557722,18.964883082637908,54.56640930183388
18.66328071683337,30.432128048366543,10.171784193647044,16.77713866310516
6.156082656310873,55.70387662118327,13.472466307871358,29.696459489482038
12.56368860914554,25.071991947750444,22.050661486099603,25.461837640324436
1.7365380023570383,49.96085684861281,15.087114182502603,4.750022350058468
5.064013169482079,24.812500568016084,4.348957810521566,37.24216231049741
15.317438913482661,19.27331224809265,48.59814952722806,1.0230864059810851
8.67611196158429,39.64071605625325,7.027285897530496,16.40631050053692
14.999878008712347,31.23073349622201,19.320716610637806,69.45655759201156
10.205466245091865,28.290020837379807,13.291749617227971,24.24048590978229
12.53863255086458,19.41321780546583,19.540655054110246,29.941742159934268
10.63425954115264,13.748354431612968,2.6339582961226378,13.625930141637152
59.86094791473999,44.19306846144364,33.9504270995718,25.415288042259533
7.533283650747192,28.910258416484258,1.1626957606629749,31.53751857964039
12.816826243698669,23.86573810463782,27.101465912226846,2.6523549049642567
23.20694683056378,52.722626798238466,21.53526152321615,30.12641699988138
11.432364997063404,42.77497024480477,7.417404099069069,20.8363020222027
4.123085117844149,11.481611101954124,6.762876208549662,7.338397792755908
19.881751554538553,21.389763416264614,38.65614703060538,50.92620852047662
13.488979095464401,56.97546629404571,4.957089727059748,4.713455174039285
36.641109835229216,61.23647002246233,19.348090951823032,77.90088868291593
31.796844930667742,7.195919205083668,26.86793363493116,60.11283836006579
12.97466938406341,22.75080634807579,4.221079847040748,51.094202292669266
4.9517241958690414,20.60488784637996,19.295907111810376,14.701047524884178
9.497080622746777,15.700446508236489,5.9222510705084055,4.195629013911981
5.698370589877118,6.262115459637858,69.64893378217326,13.994823014743362
43.432177957136346,26.33205815178711,8.255355573469116,32.500806033621096
15.044707892613948,17.690615763625882,32.832956169213276,39.3661339496679
24.430238962836103,35.402235529221436,25.129403634751384,7.711015962251919
25.30516339382134,27.20996198800915,7.330962991799519,5.272036808375141
9.953552726328976,56.34709186765624,1.5150689927961059,17.83895889864488
20.401531026080132,59.252195722098854,15.836909394619411,14.660309678231927
13.248148539343287,31.7220821072988,16.11494281588597,23.01135836887243
34.97293559995925,78.1147242414901,2.285541552496359,24.33723179350379
12.472574695828191,36.51025038436123,41.375471833039036,21.211523652287784
1.4342271632392607,13.010978756549395,3.457096823689635,2.1026870377805453
48.51626549883777,45.76035071792548,19.56173979466749,20.78094084753197
6.186384110385046,26.31878927169501,33.50080058431412,20.666729234053022
25.016239789759013,40.66175343928313,13.9789464339703,10.290854804999709
34.95021432472104,55.92240238569279,40.2691723571547,64.65684264816277
8.750442344553765,39.53877858237041,23.85048474168884,39.8628992184256
18.779318562983697,44.58082951775501,23.574175097616834,37.27210494657587
18.326469732112724,34.67715460323163,23.110389818182234,16.52259191872024
18.3685125092869,85.2549364136763,9.876963960567956,34.67450958377256
1.5835050852913746,33.00186834331681,14.446260642288797,23.9635205049427
28.884988934058722,28.416346498490118,23.345248319134285,8.170030789336488
4.269225595808262,25.100780116015766,9.796258531999195,29.19566731441217
11.06999874100801,17.489569832746263,51.442856959650335,58.38291580466068
28.570936974252945,60.24988747465774,7.4142908744836475,8.81725568828375
9.552914497114251,25.840825561668158,17.488530010718,4.032604642377288
16.00981795772695,16.15334701141356,17.089572669710765,24.859274705860134
38.17193817788938,84.5051592541572,1.3976230288951637,12.459381273831049
19.42055586217223,43.37156320719958,16.811063162939607,33.620352151544
20.671029823849498,30.238594513993235,62.116294897179245,17.76877722984454
9.344370764583172,45.57580590634839,9.61080210617451,32.813877222419926
5.583021891265884,16.991398942331863,4.946803831788418,72.85105548049617
25.96282130768365,40.45710320937817,10.290525614822036,11.584176110356779
20.050758163488712,48.66822229616691,26.801091556139763,15.126350623520025
9.022740691644202,50.31833182047898,8.202104859814604,50.190467024223544
22.492102581178806,24.304817530255555,32.837604171084365,18.217222617351297
30.57604858547801,65.88822646315083,19.445163024291528,26.781358909601597
12.252230950710201,18.532194794750996,12.335656290264728,11.095109601671293
15.946099205789318,14.385896301520724,9.631698463562252,47.03365062995989
20.65428658689946,5.240421625496302,17.0004430766078,15.935484365934737
27.529967891537844,21.389610421048083,9.339654525505068,36.34880601136803
22.008722762611132,18.123188046387693,14.322094160605639,26.384115444976587
18.895880144236674,7.377452201835093,37.06147257683204,39.89070489044332
9.351999858136946,10.99289128895946,43.339805891749876,13.890323164618836
8.761571185679566,26.936754360559014,14.671638091273012,32.0427075934855
47.47931201256291,82.08290118690591,6.614800695361716,6.044186897343413
16.953376367380287,5.655525634045763,29.749910968581602,3.4797346098854116
22.068553554179044,52.76871992290659,16.81327559316874,12.666570393789451
3.24713691057745,9.692258701660695,9.604233933902686,17.133347514979395
9.108984310290108,15.342306008008142,41.96540676697053,14.297210517846937
10.37226342407773,16.1014922579919,10.869377254371445,4.629337062527619
61.62021743439376,112.54567707987422,42.54535698234242,40.64826812569389
19.667902271512737,24.560888871483098,22.858232457212786,33.7499771872423
7.338345865632826,16.74664000205846,23.507489029692547,9.668766893676677
14.470017351080447,17.17348891427209,14.917365956462096,22.814635449663268
15.619786765429962,26.219007137203842,27.565964013339556,11.69639313110671
26.89742501022502,60.116041908184165,8.716416975378904,10.792236830319867
18.52866779840748,32.94038440604833,23.180837281946275,31.889298336381735
9.023007813422838,31.662648291416126,5.485233839977582,15.419170501402247
34.419056209754956,21.208563070543843,16.648219114751093,35.442414719983645
8.201876440266744,14.20301322845856,9.139070942212502,85.26116984521023
39.563592606909864,48.930547714883566,21.114090506946162,76.98779455917911
37.139331446860076,15.319581734469594,18.167247406873695,38.95614430845881
41.6199804457105,58.416023581369956,12.004013426783631,66.40784017836911
7.699133296481836,18.633575395718534,2.288711050558244,19.393194700692927
7.661499148680776,55.31775304136438,21.188240229773644,22.864499932105133
10.306802716397016,26.49068710518609,19.51044940329912,29.839983537465432
17.60277528974897,26.230558829625753,13.751563151473,19.086362333811596
19.246853927955115,23.883262180697837,25.061867254451638,22.989326067648594
21.943993202839636,60.208773063096665,32.79133328804057,35.868863833746296
44.663828406184514,13.674924103657062,39.87594125980058,50.937571883921514
46.869170194208024,27.844973846317664,39.720137685104355,43.793883792008536
19.997271179113493,27.1190150553133,20.65213546961045,9.907616452153754
25.748880691654183,27.348142908709686,4.683254107428475,23.050346956343173
21.877852429036643,20.348538585232212,27.06333255255282,27.28439872094422
6.357903686710875,41.935788738260996,33.76591953416939,30.579034455460942
18.37726397824398,50.28933007165124,9.415856836276204,45.329963736770665
15.235767832203107,13.351005124953362,44.81492933904463,16.699691475849452
11.6701725460244,23.51085150002739,48.5582363331835,24.189778075992212
15.203827370460807,25.07369278688309,24.82110735767063,34.26959165814326
15.357690738709618,15.416224525644898,13.168483148178305,15.785043164240529
7.323505803080443,31.99410380209968,41.67003183780284,35.134209291785915
7.887108422087359,7.734533555102198,3.954881713250903,16.662063866540443
4.192314949253272,21.08729527462193,9.042288615776398,20.72277633967108
20.062599112595933,17.86317401620285,22.291179594322728,12.024102472235244
44.374196509956654,25.170974369774864,21.35109170822377,23.531214299630392
27.694194249711504,26.385914517275776,31.217622981828022,29.55301188327901
5.172875801895044,15.369841313951904,7.794045332415432,7.374705426994575
11.219455865974833,28.226423733001116,2.2411588617599874,6.455028510037695
3.0263644773718035,34.04370059264609,37.75159531437073,39.365027733066505
26.917925254103615,44.35740044570073,42.16125936296387,19.714412961390295
23.201884633704754,22.868097171945543,3.5950398787114275,15.59847469931573
9.227581103357782,13.373291276926679,32.552556008545686,60.22408174533603
11.965081909397666,44.69612744211544,9.623753404075874,62.54818206334657
8.670424102449356,39.917111247281376,34.77822357070762,50.54367451571649
67.34089997333017,120.51438449240604,15.911698664460806,2.7737836144311463
8.530485211788731,4.35658195183579,5.413313126138564,7.473038870303261
14.300648170396897,11.338190971921597,10.727739155997604,60.191687727435415
2.256558723887228,35.77218203081192,6.67607339056222,12.081985797532301
14.814691277520605,28.200015475096663,17.66438457963247,27.643979353495975
14.397675207273767,27.440641588499307,16.45410726245948,74.13657847632133
10.478498711072849,21.96028064373572,22.778184700406886,65.2658111783125
24.453555663967567,23.834538203820937,14.51367210024689,40.19422104987198
17.995714267994025,41.98557668750646,7.425927451923593,6.173346860335748
28.174491410265272,77.04339149459844,25.28612594085327,58.78807261181514
5.406774530436649,16.29477140470585,12.767125371657363,25.653916567591217
8.04733781875048,22.09886373239268,7.969482669253193,8.04722093207927
9.297309705093392,17.63604099271932,21.54219005392476,55.57290778307625
20.748732170613675,31.898966175372657,29.499691751757567,29.232856455984997
15.380476379671476,34.318239216018746,9.176652780960174,24.01148795949889
23.703635382211615,27.39172198382228,15.068758483565139,21.781150246569265
16.353821637675825,54.0250882077291,72.65822797174287,78.14656950468441
8.353330659156144,26.721558771606254,17.246025709311006,12.079373897361915
15.95348100174072,58.6289453744567,12.563677978300703,56.68371606024995
23.229650459305226,69.86192912090178,26.599033445683496,56.68795233585952
21.44260128664078,29.87989314219142,21.515321462570807,22.84350660910381
27.498835750480136,52.56753672668243,4.024134665329433,25.20720131217755
3.896860868176085,30.635173696191316,18.947785481716117,19.385355260688204
17.57187732025085,19.873296045162384,16.07839854862003,11.603676163217687
49.52317837435446,117.85062457411516,45.18576027977488,15.196198084261088
16.25280952764478,14.142321239607805,15.864432072305545,26.37789253366972
16.92238124399421,18.15566876900201,43.28409065355084,40.05540014709545
12.037307381286793,11.338652924426661,10.135627372059252,11.219334855401378
12.497438814106962,87.82887497452116,24.975520773211947,13.178122678703225
29.23109064968572,44.61612075917466,41.71072486149726,16.675363776486257
5.526306581428669,8.07043137697424,11.07219108205682,20.623815410138416
18.74547393501039,48.29391317406253,14.395697991346726,73.48306097683495
32.05463685028954,59.490638517417906,53.43313732020176,23.435341378234043
13.143006091408434,18.43690089565989,11.804111183703819,11.977395411706718
4.431413431940867,41.847756579357814,7.783585680249082,15.156215191362147
19.411360890870395,22.884161940428534,28.050371866543607,22.927252653371124
33.58157553126392,34.27846436016541,28.112370901039437,57.08372243275545
18.573845278873755,16.199338908436662,53.21074760514663,8.344076602726432
24.20948020282966,39.050627833098396,10.747927287719135,8.984695885445127
6.02047328406176,28.731183866605953,17.9549531248167,60.295863342551556
15.535965426239185,11.432350396604882,20.477868122113353,21.16737541866553
35.82361791381472,50.118906707104784,12.112669430058649,39.91616363287247
24.05323224828604,50.07109657434705,38.3530084414332,36.24712800954871
15.83239089634591,40.72461427245827,8.798926663057198,22.40528969334488
17.2255556158482,93.33771246466769,18.55439734408808,11.569435051210894
16.09170048788572,29.00191301693384,22.47007011205425,22.16486782654804
47.8067479459552,46.28008396585563,15.81829753462092,44.68221295679751
4.472948082499989,27.387150866148925,10.11035445563489,56.31582484759064
6.56054168787575,26.05288217504025,19.26202443036429,20.413303829058954
15.977573326310596,23.496622748471818,25.929497230347707,30.118291752837003
9.848382504147107,17.73597058196485,5.182681203000592,17.652562714755174
9.305582624203003,77.65998417542154,15.767824422941858,17.737011072216283
15.152181793811241,89.71479707747443,29.474976088200368,78.0438642059557
10.199303011307752,13.640678800911225,14.028791078737909,18.179438999620025
23.84360580366505,33.674622037628495,24.899223054854627,24.359244532788487
8.307598231408331,21.425380174493526,20.47050037660909,59.42348301093806
24.81703352277465,54.49879004626679,23.807007294685732,30.35104810057336
26.5763779427833,72.05298687170516,18.691500795898282,65.86173969948214
20.415174668376064,9.639698247599755,58.20469568248295,67.81156693719615
16.11347981412157,37.67500870305058,28.217656066345505,30.75754186659386
6.217033536051331,57.05441632839873,8.237124083615393,8.698368185260277
6.665365757416804,15.269869142172285,3.486508457262786,5.529978051264191
33.63737775130885,29.786674621291517,13.898238181442684,29.539465903263604
33.3122998381327,37.90432078689042,15.738254005498288,38.373261397837
61.178814736978374,108.7236859716932,8.2190273207862,51.79080868098471
29.909580812413182,52.18307256512311,29.724742560836315,23.105265299638692
15.996891176001757,3.1144459157803115,26.725266491629103,18.978252912643207
23.943754473700107,43.27590566033935,36.11626486566713,26.24763372054767
34.410726332843794,13.130293397138663,17.761001955916164,39.28744386028833
16.871148336070696,28.23813024471806,10.765924215847708,9.967108268175705
4.001231064227073,5.237725312519233,20.03501130862861,41.552307496871016
32.17231190920362,21.07722021735899,10.03661677072206,28.588167124117223
5.4919412124963705,15.154324774989234,14.820799568366892,17.77624671268181
28.56722230833337,40.925772640070655,22.064551659654203,73.27791536774093
44.47069056093441,105.90078105444623,14.802251312516967,42.774631958771295
14.838267821673178,9.271262761075194,38.73281152100366,56.89627678682547
18.050645350134836,51.35828253914923,10.379298157888101,46.19075565331135
14.408229487811152,36.87019038609037,9.833182048310258,20.417505322685464
6.015762622741069,35.172203297066304,22.221849572191072,15.953069241344677
45.71828172635083,27.61769387966806,22.382650167349308,78.69518873215698
4.328415111309949,65.28816461685177,4.527547367953673,36.68349499527966
10.812978809649648,8.262679573472436,32.11386124735028,37.56508204744245
4.6323623332057915,26.89676853486402,7.31892154074206,29.66300966550723
7.219716826200779,70.7235744312793,16.91348231381949,21.427478708796055
14.917249179939223,15.279269779813742,66.18022562617325,44.98174004969168
35.3564691260279,36.70609985389941,37.30734333665127,36.061734542788976
3.6384189517385934,7.683787146532848,13.55955793298833,14.401703086952573
33.12391853777383,28.502339494758925,21.065499189453043,11.715351805344348
14.735442487008719,31.739357458267772,23.98324752424059,59.45095079217817
11.704460114461591,31.69304885809042,25.796295777001497,15.513939456323508
27.190929445237032,28.371502244233852,24.73950416972058,21.06028470394443
27.97094388318223,65.65881229816625,9.305408676302655,14.037184092102391
40.27021445798467,67.83087950638394,38.0138522087186,50.740272315223784
13.171679100210499,38.47151227125758,8.395766645728546,22.220774297230143
12.756053035492208,14.027858793712591,41.32804635165018,35.9966289561579
17.928672301171243,15.340952318823339,38.164034801498694,48.88986796381965
33.29210360986361,35.11014793847402,3.8381233328693396,5.440141005248603
22.903405054533202,35.1077659815011,14.47619085277141,31.863984721119
21.505496947112036,56.259699292671996,31.83345238826609,56.36858171017895
14.457657540944806,78.40430101257758,19.753263193582733,13.140405317921848
7.725218584480178,10.131449005503756,17.46244479369504,38.0046228742863
27.801925696010578,21.28752661240593,20.041793890249078,13.594330883614946
28.065671705373095,75.29047186220983,35.364758780437754,15.93841602455981
7.5320573866589715,16.036196406363302,15.423790804531679,6.080917937271046
24.37317706323881,36.55587071209624,32.98055743450343,17.29837604718931
21.939313889023538,33.63287416949656,20.256237601556336,16.694675095874796
7.619610078810934,61.24630475004528,35.48336737576157,15.614444200418239
10.31652821010817,15.891465118848252,11.488867246593621,17.276717403554255
10.412924564601377,23.602681207206302,16.97198324546736,72.2902114509644
7.978327537708525,74.46529743711815,31.557467026978653,35.93788926500705
10.378193390656367,35.78807341439609,10.821057342665165,7.208009968402426
7.2002950214400405,15.424212269967347,22.259877999607493,12.892568941886537
37.659120704062445,84.07653112556957,18.314296035444162,10.642802726059774
29.33903551570148,66.38716144669229,15.658497013629091,34.768722859431264
12.964398164523317,24.91986377719839,37.73610974802679,44.02098282382078
20.33847630493037,47.06032120254117,16.503768530637906,20.88908031916954
8.598432921511211,13.259865589834282,43.326197542338704,68.43251338858973
15.303122828624666,48.44000333815909,20.841590904508305,21.300487284037487
10.953618851490209,46.22026629417035,11.044845145978996,23.379471968971806
20.35505803470313,20.062981266914054,11.081182449085489,10.615042948560967
4.054413367013695,30.205143832027726,3.245995107367419,7.30537772674395
28.756464965683445,34.85328447959913,22.715426930085936,11.21535057319437
23.626708722421608,14.288084820716131,5.685491312944136,26.88778672213352
3.902864558282394,10.972763995489146,29.813454663545272,18.16211978914097
10.300658026401054,26.560970146907348,10.482527575184788,61.72959047926399
10.713214598476663,32.03335661855171,10.78349678214184,27.33154833117144
40.14091127664978,62.637357066422425,57.514154810134244,111.31245707378906
23.886816546200674,15.061524315070356,35.6148814665552,13.454438490723124
23.01386452229166,22.017319370263415,31.46894338760749,64.34194071096633
32.586371761208106,23.471618425478752,30.129710581768865,3.262918689168746
13.614594607724804,39.01428643585661,3.245985322824534,6.70656712241321
1.833805850198475,22.626289677227746,8.417689333898169,21.374498365871087
12.174263778000736,18.18551029000972,27.033828066343435,6.251706694183279
26.977919216424926,54.607492894938176,45.582792594557404,15.24541581069026
7.600270014552992,12.179516382444955,8.418851770965958,31.436557764170164
16.754016247606284,13.036532503869918,29.122353902609873,44.8115819738115
17.060720052175725,30.408131030826056,16.062207051764187,10.206143165765754
1.4278719283507704,13.522107302273556,7.56071482838138,26.324767758667527
18.78954112718619,28.047177261003377,7.825510298838113,47.796125366974216
6.864815117648071,3.0810866734504523,14.129604693581062,48.22516659308847
8.99303020601662,15.461955123269156,34.67913695213133,32.34612256705099
8.006067551654176,47.131349819515336,20.175346565976415,9.870482816261124
15.69462361549209,33.8376345610044,12.332759057973124,13.881155040871679
31.873733481709323,82.79474800528672,19.551011127065028,20.784097816376615
18.535864032140186,22.29726951691566,0.6354334967047508,18.920079787768803
30.850010252592806,31.02864535277744,36.346201322256434,21.919068220732544
38.89164836058635,49.694334752982066,40.890999275842475,13.201165812303875
31.382847109754383,16.6224331486341,23.08774928540593,43.419626331960536
2.4504919262103493,5.162491097914707,2.727731866856899,8.673292047579508
17.04983186670183,2.801972451724101,19.20276188977194,39.658025634432946
22.463682143827153,51.85107406884582,19.45087726359555,20.360568882685005
7.357514424173351,20.341753009226,17.180777117651505,83.32906600136954
36.0570650133236,56.63211349552833,24.385057297911846,33.234809528092924
12.006877212274466,30.292629633629538,33.49173715949323,80.24974664876027
7.272949914070928,31.02609151969086,16.520705640825618,27.294750709790325
14.116758106522223,7.900275899400719,6.060902010898344,20.42439597300185
18.08525357038377,67.5002181197292,38.870085667055,32.55816898811599
33.427369724136554,51.112937198517514,11.53272606001557,37.05597978563944
5.18949511538012,27.455236136921105,11.381745382996991,30.361890873424855
40.30317194037772,12.752901343378863,82.34947148865082,17.61584163162779
5.454204097113247,46.12242268559253,18.371247330160266,16.161326263160163
23.126663068143923,73.65060804387893,6.745697840186831,11.712879539463458
9.384276669442693,6.183377642640124,18.196552525368787,20.800840671260225
41.028347840226836,50.57749920085889,7.414325222553345,14.228086639126087
41.336883693851064,41.41486315643055,21.651938659013023,42.027554954605684
14.1482523325068,26.82333198417472,44.30504883943431,57.47545700021662
13.397943553294628,26.54166364232651,6.780252588207913,17.525530197593167
56.149063686846986,66.23754487436032,18.697443749675138,7.824681790594807
11.170317450294558,41.811863657950695,12.356960677833074,13.072175918766112
15.095195764627018,33.36833195207376,13.180914370572776,24.568813490094445
21.06982091329833,3.590874493011479,3.9979113894565743,24.28733628244313
26.15734900084507,22.31288970769945,10.872424168490149,67.13126599050356
28.63715565612174,21.714003935498393,24.779114728889578,36.62146914355411
30.450554518868397,61.45967422217162,3.39579086700527,11.731444477166065
42.1958930374554,95.21988135433013,9.024740983693182,6.279782692932234
11.919065922630166,5.909149543025163,15.820366362463131,18.41583965365139
14.280351346220534,34.347682803817776,11.739766503475416,3.3390324466546653
14.356692664542486,16.6697081568016,11.332635418506538,28.03887209104356
28.198616632545146,12.50316630870849,8.604441717148374,42.674557904987715
18.480297554249596,26.41690296980278,19.29497895205198,21.222650606142018
4.49560743827126,44.567789632351726,10.392666502818683,31.067184061621358
7.917121820639952,7.232265785400109,17.986548972372272,44.903304356928416
13.440561046202895,41.97738888329538,10.046665883374711,4.079002121743099
6.246546198457714,20.6461274749976,21.14202915385127,47.76858565880346
4.611289185109079,29.281445498630198,20.086498869328384,71.75247531314486
23.967680498805077,9.655892898683321,69.54252695832062,44.71174381161521
26.958068608853257,27.002189647264363,16.238077116508034,63.23826332053879
57.36486444727806,26.76192538882271,53.40944584119327,37.82685076217314
35.87153244927014,80.56657178805143,40.79893544513965,44.95623874361019
14.95928663714182,7.31308858381079,39.406237152444135,12.176263757964147
45.35146898886701,72.48979308972409,76.96888491818657,37.04127061776284
18.680850705334873,53.44957349918376,4.68447312385151,20.13498978650862
20.42932717891202,79.35448293803445,43.48764383582269,45.388771305366625
6.479978704514257,7.319351968274488,27.316487523691162,42.706966476194346
7.499985000874041,12.323861796336178,9.683530772287606,32.14483018911904
10.72409921919436,35.97122912432219,38.705779864182155,5.431139209066165
19.22383700808851,11.886184746778243,36.60089348473085,62.2596862677523
22.609646858263428,39.52481202638751,14.130411789375259,15.070754313320185
8.77631335662555,24.903860583896353,13.741173200111792,8.87660049339258
24.95138548338688,106.22753894005768,9.250082230658782,73.53876933423216
5.513974011536746,23.79493304854575,5.1044181026508095,18.890971537538633
11.154864774267619,32.05232495154688,15.575903953082204,42.24556907604149
6.305709341028972,36.210415898492194,16.82095981349088,34.73901231231433
107.22546578309529,143.0418681345379,36.7619357289872,17.49818923151648
38.05911839177182,9.982618375730189,17.68913768151312,40.52370443795652
18.995704644178023,13.036341084886908,108.6246238399368,54.65331896174087
11.758764147521193,21.7045806568058,41.57672758141897,35.550384636651835
12.873815121739955,16.995918443058684,26.225723972436747,2.9221734073925476
12.886458425848609,36.93746979640159,22.233492695949778,9.379219055905082
20.041526918702996,27.51695856257466,3.9165582354482074,12.17183564003611
8.183361273206035,29.08108489701441,14.575642659650084,37.29797462236555
5.600885261521916,56.12027334616243,21.573741288937814,26.396896290070238
10.78196744863263,11.227419918041171,24.633052984212593,37.48537731012986
10.291378179051065,27.872004977449574,16.934843351899765,27.03821878530162
53.49224356900834,19.073094911133463,68.88578373711209,26.72072946406742
7.580723677826417,23.841943072279655,12.953833999608525,20.521608098938035
13.989060900551408,27.4007797352869,13.122651003083531,49.02232067923302
21.831269911337,50.834686030365575,11.082847265419945,22.470775461053403
14.492993268246147,31.127611363415944,8.338326747686072,18.731402537754985
23.760665713482222,33.299426620511404,17.28093990581577,7.636423623868157
21.131214849665483,11.817014506385343,50.8715216582878,30.79943257583071
4.1839397256668525,8.20358849866527,18.59171239267583,33.70851568293708
2.9465060223177404,4.111726672057959,14.749711362097328,48.330608679009856
8.729128452660774,30.798653513732596,1.7284792870287864,41.64434736720822
0.8825475120718037,7.2628365164959465,10.554174659316926,10.764893105042987
2.8389949654951665,30.605740696906956,32.4423730637033,47.36063328652539
8.95210042668085,43.283067326760765,34.80480818501397,25.45673796478154
23.019720901163282,111.31556132636433,4.4780142658156015,23.887770888338572
1.7180250077647903,9.280181485882446,12.376848319848275,6.8183363504373835
4.7917782322924225,62.40908729979972,4.801437759779998,13.478141235406511
48.82327449036562,65.86916274251601,34.3769117948627,44.76773301495547
6.574541094590113,33.35930116112203,15.595039833972052,26.420890221602498
22.544525889509643,23.711745835201235,22.860300546309904,13.929861179328825
27.38358651481913,33.25469309236106,35.35996127313807,73.37508453630285
16.84034564006189,35.6649234255679,38.85527406636357,49.45344459716942
4.545946979460477,30.409176647144754,2.983168896395706,8.912373035146386
10.621269543567267,10.128110755623966,8.18296310029652,48.73082077702652
31.547156778447857,38.63203107264154,31.03403212280862,92.81515124118583
25.770709030606195,23.410362116494333,13.257723978260401,13.110926131162072
16.928322834488444,5.693898694365765,27.44844385975505,56.07905466357841
7.167969371208188,63.525315470742605,26.848532471512502,20.232565409104893
31.164811768075175,47.69105296541999,14.393695771734711,21.528237474415715
4.4158407838570835,30.41030625336702,11.040729270378717,32.824478576263246
6.131814422626554,24.209015670682117,6.290617151109974,30.48338893002244
28.034229623331424,55.17399390351833,34.67701746393799,34.54668833942761
4.991853936205177,33.61097062616721,16.811225212291887,30.56547559656018
15.146427695330482,24.19157455426204,38.61629462680252,46.41429733246779
8.749141287661354,45.83466256562483,7.86638907219575,5.1321786543103896
15.670347805796194,12.191812352753944,12.235665923572055,10.186782032389512
25.03195396987516,6.951450511714644,23.193919056479924,22.952479199410583
1.7172668451365372,35.90145182400981,23.4291317795364,22.17791377956613
17.751796812060874,19.915285593463853,32.88227001283027,33.047520401130605
8.670926602019936,19.43854274294431,35.9656196427097,10.185310784486397
29.540587923261405,50.230808976272584,9.515816893254339,84.50258757091628
4.876695949999388,25.23212995517349,41.43047365853089,21.612797651319696
5.3314261547608695,14.992086119828947,48.76602046928244,55.84765431412429
14.30348692200696,53.9076766096146,18.91410214029504,11.941534590562139
25.505551020943507,36.622679333298926,16.685126533883647,32.69576401694957
11.829085235751927,9.64493675077528,19.20130026814458,9.821445073954758
20.940081173584257,109.38511904476223,20.353064478798114,30.329766720031177
13.908379902440622,13.294325969894091,2.9495548926365935,20.653692990398774
15.967887729395068,17.57461376650321,18.529219727831034,26.364171994577372
3.4045684408227874,23.37696932430202,22.299812603756724,24.605637389063222
21.27443806679638,19.127659728042815,31.38090644672376,83.78525531509848
18.893081044807044,60.37458360112518,27.9921670260609,19.35981892052725
6.774015700017852,11.200969777764305,9.163697962996666,42.453139027303145
22.843343216948462,46.371305522575604,53.49061889026059,95.99693134000586
7.832389227151881,0.6014200723635391,7.528377955045482,5.150241252558516
9.178477558040235,50.92138308036506,5.798872851899632,48.11029555347485
22.76358650385201,34.406656330587914,27.603166516534383,12.054206963656947
11.691171187281425,42.91201092416317,7.585433114177567,7.787870650807671
8.11740273419614,23.113856483544996,15.556235004987705,9.087699278676995
26.595429868688974,15.472847536693743,9.226808729452205,3.919320764185638
13.944366760678271,28.3348288593183,13.993253288019462,40.31261317971741
27.301964150826844,34.5696436232926,14.171094827124112,57.39352688054201
13.862824539753214,5.1838758688287365,4.311866514274981,15.135446970908948
21.542203784252077,44.23441435084455,74.15203133525465,13.617220765347502
12.140489539730755,12.1678541871335,12.978259110336966,52.57599990321645
33.751012851051954,75.71432482069557,13.103623366729172,25.76406785092259
18.795977419596436,51.99380248751743,9.27664462064859,26.865380674415395
14.672152586196486,20.853040463548282,22.27267679657882,87.44707967898671
17.04673028439163,38.973653261776725,14.709292545970271,21.134023097372715
24.113024706873116,4.859477659700531,24.461744150780362,104.15014150104295
10.026560296461543,35.04286299019198,16.76088204039212,13.455288524610001
10.436856677897351,21.259141322662902,15.359454941864072,15.55907353694241
18.501785492710873,46.728711256989705,14.577072320448432,28.873794903936464
21.17592374593504,29.223385800177283,4.656659543284437,24.709160432344852
17.22945343873476,45.849697031203874,10.523151758213741,16.64506883016719
2.482803175016191,19.464227506615615,4.323464627579829,24.6733978022967
10.680357165498307,48.23147611942248,4.481250384172401,92.15945666683479
27.775777697053282,79.90838461407871,0.7143356968482726,20.64845377218204
15.37284287150553,32.461114815644216,4.475277665178163,36.18733543123676
13.564481069128172,15.093415570752796,12.391680891312726,35.65223057891349
3.3163646455780875,17.179897164669203,6.577413957228774,9.071216606778384
11.437809530167478,29.544279248103372,11.938464405654129,47.33594363334724
4.134182606241665,17.4984149348744,9.965263178848794,13.008600629642032
39.202705548814386,29.801404000710335,17.027695280144048,55.324279760872045
18.665897160076298,7.324770135193585,22.439621528227537,75.88758449718794
6.764789169357193,31.040433301007827,7.449347268286756,4.7325227019597405
21.823395958554844,22.3521083908355,19.207927869547085,84.53762316595477
19.17806335073095,49.16928943743834,15.399528789782066,32.90521301817052
11.150737350297785,23.470108058568137,12.708906463596541,28.229277541834307
28.88940998628399,46.38822052427223,20.447589227848205,82.01135612992121
57.163941566815495,51.11550747206546,15.318660839332123,14.058498673714588
21.36592530113405,39.71178616491385,19.630163890062278,85.34668553353278
8.13278675649718,7.735523859977766,5.148724296091555,7.613876725587704
17.30470380032637,25.026910649559383,3.930877887820756,25.34551652891093
56.21907350613627,73.38500914668323,24.272738223275567,1.2604850717529086
19.968268802555382,44.029069968544064,27.59516606561032,22.297998579525228
19.909299869697893,31.48992929448287,12.218727107499173,106.63089672157042
27.53982075729265,82.79432853764165,24.033567236056154,29.857561796820107
12.220653274122963,50.05598864270576,19.221200812022154,27.567976976712337
10.462265352492075,16.933173046230575,5.942139556668721,11.356480088395701
5.900603009166953,44.931125892776976,7.271278403572991,17.337186602399157
15.452982258243429,22.146103975884902,3.8922447298929193,39.24605010583875
8.520238484586697,17.494667167102065,2.859716221336794,2.660926830305555
4.056389464730971,68.54228965926188,15.847245258824021,39.31834400026385
29.546130204004292,36.44709205415095,1.127946218457624,9.201074218371334
22.398607183746797,11.980789638468641,24.087555211571573,11.444332482595819
28.971076098567888,43.903283507423126,12.53436694659118,25.205699204854525
27.852886684752296,58.36742113068086,10.188923755881602,18.771464685731726
18.551818514648108,8.436814457200514,8.25775316307176,46.61257023177018
6.105597055441111,95.04449374741603,13.9051778659429,71.34660733431512
4.832874323135329,57.65695006202825,16.71276676194465,5.107456926338129
10.878898932837876,35.41442701568018,53.81823311483003,14.594158698070151
18.481528935156064,43.5421356583229,16.915484893287502,38.091189211971574
20.063915700081527,49.24445074001885,11.347391707222096,54.10597729649003
26.525987957467137,23.521789971362647,7.435055201586205,29.289917761519476
7.896364621642358,39.74591166028659,12.606162918497315,31.03189397810328
41.263196345206865,79.99213273495228,33.33301029243412,61.56044286274707
7.410936969012096,6.591827472720743,17.0708673710895,42.29328246996333
1.0819980657699098,33.821877877814416,7.892122793714511,13.742417023668201
10.890183473953154,5.9853243876564175,9.803557725899704,41.948844747133066
24.106250573504926,4.339392036891666,11.789336600836725,28.94452568136081
32.08292503138758,17.016557252448276,85.87409427242387,17.75873227462885
5.151301250820323,23.729560792913844,19.961349926184813,9.954795041508712
8.61531765712175,8.771303626413516,10.713399069690583,27.22077914042844
32.23462157649453,7.072680242459701,6.791993980137067,24.87110417479909
10.888301896276655,8.719137643490146,12.38654082184508,79.00116755476257
9.8633307915943,31.192459463069337,16.938765772016197,62.093466790417594
19.120708459568313,20.52270193412638,72.1658733501398,24.60608272974262
7.007599115817543,7.326768233775293,27.744695410264484,35.1366155979247
7.607469073305902,12.886761624644585,10.614108259116035,36.939442528480505
2.135868451882968,18.702478086107206,6.685837059531409,14.70308280762786
16.683216775733104,24.867831570687922,28.695952371161393,33.010506380632094
15.463828049791871,5.7283082294962755,23.52616458956597,67.65141913689682
29.752356300958038,74.3819128489486,8.649275669641794,3.9665209936140715
10.435382699247864,16.74852716090819,37.93014328429695,24.441714132049647
25.017328796197454,98.6800126019985,13.666533543101213,11.441384210543058
12.245621529040115,27.20829361857883,31.816887757132356,46.51317166379279
8.871724004679812,30.0655255293375,23.691031205021233,23.687285676664185
43.491064917956315,51.236736661414994,26.670692081485605,12.931759948108288
11.993810763564197,34.65260603821572,8.096757517370893,33.786368919741186
13.532406404694594,19.740493528405995,20.167135673777786,16.71785220392283
15.545833737742793,6.446342425541977,8.434137043294182,25.943906663929813
12.932986818569162,5.249508002974916,45.44370309543596,36.631134250978576
15.233113642059745,10.39403748387864,48.708019650516505,20.746557177958145
30.666904439887766,56.66036149235039,46.209456407529714,59.06777114401738
9.377295402352607,22.36224189769471,64.81630132550988,7.837825088332092
9.642252065443838,38.2747312677187,22.873313140813735,14.48917073804019
13.917548604887765,39.98822903686752,20.270548654856743,82.26875731707814
32.333904626163445,41.54507845807713,27.498055010832147,4.946053986505936
19.404013681546335,56.62767119156797,16.361948482976775,22.767485709567573
43.37855420763257,20.010387149364103,30.56393129315171,47.05435253216446
6.138529392605925,47.76263553872255,35.1660588590797,12.166173095774823
16.907416859696696,16.208644533384184,15.286472303439664,12.456665327846435
2.564624056325167,11.91871727360599,31.651405948391453,6.965558761936648
17.223207682879202,21.00647984464253,61.38891210632758,76.75663433217662
22.62518778481856,23.504331590157385,31.122572132025958,37.06633127818183
16.482207815456032,36.29059993712308,6.625054943744479,14.627057937158806
20.090393455018972,48.27070625649157,38.137342659251395,48.554280483761126
15.792120317565255,13.732766153913902,20.037175515714303,18.213204038310142
7.911949634386364,19.318946704758538,18.801519150705825,32.15393241451413
11.720911138729232,7.1806792413642055,24.5522948915936,56.209837510701696
14.598616361442021,54.939831394276105,7.606142625551166,65.1738454481527
15.21623674287231,24.682762475644058,21.931675283573643,17.611190438372184
9.429521216837193,21.170731429987196,54.306238118996376,37.916688344575114
5.343893783809101,6.247983621532003,12.905566118486915,21.153566040731842
3.6579469754794673,11.139880419200033,15.465616274395769,15.951987769366058
7.529863461275124,7.948443664574273,10.232757671145345,14.953988855680432
7.29194934354888,22.723736340950985,12.307919873383701,19.513379967135634
16.113084086458787,18.094808276783134,11.573988266360077,41.26938043452647
23.50108670580745,26.799654413238166,29.83529240428699,69.5529152429117
38.494644200722,53.56384729798413,29.699088481889007,70.71480862434318
11.612001885965663,37.57690302651993,19.51205506885489,60.78391445025731
15.468862456300522,16.944911916751373,78.27109550761175,29.69737826162686
36.007368227168385,26.894002604893302,82.24862945737276,26.026415172078647
22.644115536721216,43.1230285422569,33.20711890575329,24.15625579940748
14.531405670378906,51.225377056478706,12.966575924843688,19.015780174734672
0.6285845751678775,34.8159315722543,62.119329751195586,22.235487992169404
20.640914974289498,75.23416221551614,23.29185059064151,26.84689188667963
13.520205225228647,5.64880080621282,10.825399430317503,21.001061396388803
27.569165954856206,30.46996658059564,80.03775805764344,53.90981745174019
22.03649635339885,20.83378805753093,14.983383145572208,21.404740258493753
13.024571151323942,51.61264433269118,29.568312881574947,39.34498827537401
8.398914421144415,16.002484002573777,16.665063756635202,74.94222148977165
18.809671861170052,37.55689782192268,24.82240651923179,38.253649169397086
6.216609900055078,19.62306320363926,16.10775774746331,27.31077845835112
8.083392539305777,29.69579570379329,11.51984449976654,15.39286904097878
5.40999148136663,11.37988937942583,2.966351196943139,20.09503173182562
9.338858943774982,4.571583956677174,12.665450977284525,10.48255645295471
3.030982282523327,26.753525655764058,7.286662589276803,2.971675039975298
16.577199447975524,81.57076205754971,24.54908316109469,43.06852760972031
19.286775729483235,68.5181018729222,28.821319291466807,22.519722540041794
12.627731730657203,27.54089074235388,21.15618757725733,17.570468231459877
18.76266606763126,12.856691949164722,86.3292235537017,59.86615337726513
19.102765054306825,41.63811369059387,17.919576765636336,45.45736767385147
11.049405179389595,25.678740969703494,18.52888028572326,55.531677779227586
9.841555510228645,6.704780581388442,34.23350790185075,38.75868727615868
33.08811262670052,4.8356239929107385,34.54668746277749,50.95140733532412
21.012582569606913,20.87318291407802,40.66144831483729,49.22365977953701
13.96477406269562,22.229530918283103,1.902998738841527,19.97055638809472
12.98204565200334,10.152474272323929,44.578149756808216,21.469486478956874
26.576813195279687,95.34444692219921,9.469220936438617,12.81674727321892
12.702826607615847,26.312961900658763,6.085306156686373,16.32004319331286
11.648226066978703,29.242217995201756,13.40164638899908,36.220425441698886
32.215598491271976,37.24923725355274,19.78552318758036,19.385247375969023
6.76020659108402,16.149998543184587,21.753415672662047,60.09327812208011
6.268472903288346,17.833635030630926,16.9875184547584,17.12282136415315
66.93320772097144,82.34390174564025,32.19042076440084,45.629846883007744
6.313286511855405,53.09690444530009,14.391102244415455,61.08887034424632
4.497145536128281,18.756325844989927,6.83757140685791,30.83027232400596
44.67180246101859,41.23999214456842,5.916846874575626,24.73599964179383
9.453645290980436,26.51269636982374,12.98758300831007,16.497039833993796
21.97726625503765,64.72569790048684,47.19151496884088,14.151114526848495
7.984662264812384,26.899504868229847,27.13410764360601,41.928056525158084
11.16440069355752,41.20468425069849,8.258391423356075,20.347356148475605
18.157149320415815,27.575256838809313,5.564849154549251,30.565401278839694
13.13424376853731,56.10133204140412,6.574722608177555,37.98210719330648
9.65289093277477,3.795991790635161,25.16310237094922,33.850227323423326
12.542925781296956,7.379532744135074,10.708800811497326,10.01379366107079
15.904826097998054,25.513429037102895,21.61239429701714,50.74465634053913
22.698324326751308,40.214662990351115,34.08342870858921,44.9879882315552
5.505631330897098,23.92775912940234,7.866415717788921,12.10646135287097
10.98308362720167,38.55157526400902,2.9919235740347467,49.93630291397639
9.658073229891686,18.298571570879933,58.07934536967681,29.04552743584365
8.735320310911973,20.391601800251763,18.18342624557325,56.700325676755945
3.4462735557531397,18.206364565466032,11.614355799254762,43.82152900353172
5.294991831535675,17.759880952659426,21.597066423962342,54.98150100155403
13.021189307326555,45.06589712009175,26.0395368121806,39.86054536804819
42.392961593997704,102.33654297477722,8.249931449520275,26.954035189652295
9.814816830596094,7.003989290459854,15.4640500685015,7.284382535967426
7.278179549237388,0.6989542976437444,4.1505645879103445,9.303116029243636
29.493544540735424,29.12757291334669,52.81731810942386,43.020500553691484
10.356204080965348,34.32884520519224,39.28046920401603,24.953272354623046
30.61479456081127,49.765621387849684,18.936938037693228,14.239412987485162
14.641312810803594,19.464074519883884,10.427977455809842,9.480224933537302
25.197548363710816,33.313457480911175,34.96104445366173,33.33881868468614
10.306377503154536,34.53585115333036,13.265175716317206,25.569541463192397
16.095774520451524,38.49004936307859,10.919031702531928,31.771850107576704
13.846124069164174,6.236917129042343,13.979497990060475,16.369192456760498
4.125492945715683,15.212720565124474,18.4033934847168,23.46396849196384
12.266020568849033,29.653800093866387,5.996875786624101,74.4451878468854
8.86524257414236,50.496726875713414,16.025530634592297,48.66976036724444
5.09371375608086,62.45151598674198,17.132808386281955,18.02262904745836
22.185931191451537,40.15270114663102,33.027364174557434,35.20006862119684
23.35325536348771,35.699334048397255,31.611424851460562,32.48424098380939
6.784734965406965,43.479599735764566,13.797250806373915,19.38781910046229
45.43067108917024,87.92804446570301,31.92867270693181,10.458456739845639
25.380051480729236,29.517043281866382,24.542570117434966,52.39631966713501
16.876583336689965,16.60195462745605,20.79272142606845,22.544953829540134
30.822064538076845,97.44243728726367,24.518519519621115,57.2107950503662
10.929021540621704,23.702395321532787,12.418329622247521,13.217944823141625
11.530546968532212,48.538902191485555,19.543788578607202,27.706209238511846
22.446068050621736,60.0708690222925,9.782938587823224,23.701126557728667
19.109082179517607,14.405232517489047,25.371276946826203,25.71458990322015
27.61213194769434,52.44631718146971,50.69411069390203,38.108810073491625
32.82247889390749,59.647648477606104,16.138801283721186,26.326075827970325
8.213834743625315,24.70991045354922,4.560317959954901,30.032624281719993
5.468860265172528,51.790378453979265,18.491251953395416,48.03810746035765
21.398287577118683,45.32620608214816,36.72096703343634,64.13711374104517
15.478880685678735,39.10021685162692,38.645701427743525,14.319398511022353
20.32448996876627,22.800893115203184,12.611713593513404,8.016248580509224
7.129794022498814,18.830770309195504,15.604680381602613,3.1037941730688785
44.668307799472345,115.01084306431662,25.058029556220045,57.41122555902662
32.03747790025064,43.40753497421382,14.088075960978795,30.503755129701446
13.053277688037582,16.423864566579606,9.137460479333724,46.290250535838155
17.079468685938618,33.20741870215437,20.35238453176564,30.8750604360107
5.360104812964666,32.16545106823753,13.933762759134037,23.31076089853582
13.377382126799914,8.421934470047255,8.949442401928252,14.668462215682974
18.202303486800155,38.55689731291925,29.990054659254945,36.00994202126908
6.900514401865515,37.27612557692797,34.16496203331366,29.31227114439325
13.516963185830924,5.310851410991537,15.037257061319554,74.25766000615408
8.039375169288615,32.66380914240827,15.163856851233984,5.151640628028023
6.235958904567082,23.583822186875455,4.083934721756103,63.27374326094561
6.712222757615669,8.97051836445714,5.658115162461866,16.587418904295408
21.49590300345282,83.84137881471776,14.139107791133844,46.62067352801948
24.7981133861534,5.992672207950107,25.75627207657748,42.06431456537739
17.662559259015598,6.125730165461558,5.678236236050804,19.40041232443581
22.330480568211044,16.84489823238983,15.763608447561833,31.995486209994706
6.406795156856161,10.854530414478432,28.208280090114275,9.571239051588499
7.226519533803497,28.335589100379753,9.98634378263496,20.518540897085998
48.49706973405684,33.92558183738932,6.114272055301915,11.13361656126306
11.218167817198353,69.50546312555818,9.899420252686696,15.242995340360467
4.018305731878603,10.48479157253015,6.099899877661386,4.438957230860814
34.64873115469162,91.43639854099226,24.23282703340273,20.55051806274661
14.35395706847617,22.19791244769675,10.909426679346318,25.608627578290843
13.159116384965541,6.454100619526143,14.45663857866461,44.351545639317976
12.628857869626286,46.19107565840209,14.947068487234692,87.26698094410607
19.155362982146965,33.758939109495905,31.954348473180804,65.81305228316975
21.376407599297625,24.61794132779488,12.849501794907336,68.75443892641411
36.90874458383755,14.58875661385839,23.745886134804394,14.175985199666298
26.876008397921062,52.00286169438671,3.3777193926237565,9.856283411327007
2.4302838323395766,37.472894542473,12.81337488327003,18.078587496677674
11.836768739611815,39.779212417901576,12.105104094932349,69.64640415975173
20.317856227317865,5.930757722080052,17.488915295747635,10.926526182517689
2.819793339987483,22.993019754242848,4.559388192028548,17.24921633276803
3.1035952557635005,14.698175676732182,4.753282324343234,6.36925993848349
24.581894530947125,29.772784537448032,26.451631862776694,1.1178585021897103
15.87761481487255,34.63356938919654,7.847272614608564,13.843770722256401
6.315379882913547,20.279558686791542,21.723885759175573,16.98792690006234
8.836295487369837,11.662565046106018,16.67436812235486,44.132360342792225
15.315063263190702,33.67952537648502,23.735170285895208,45.021865700517374
17.205473042060962,19.886654498521075,21.334602659873898,26.672562213315814
6.982357110059718,55.65496171330981,8.693369036833253,37.742673185525405
30.115362305456028,116.88351859820244,18.115992386982043,17.648848648703442
13.170117611872437,34.27024560942547,12.872251987448587,15.121436809746292
36.23377445137375,36.79318886158148,11.11087853594056,38.09337807651587
17.712518795380465,41.48006491903733,16.123504395322865,28.58425834996466
39.6947086627121,80.62356842686683,47.06153745643642,34.561391145809914
38.81244470672759,30.62350905686327,6.164567794356179,21.13436988959232
16.61331495537475,62.1014524739302,7.630964633285129,25.231532759438252
18.712144324399734,46.37733738062834,17.165047789427025,39.20170855350083
24.3329225386012,13.006056560527627,33.745241726025384,32.51190572854511
16.06952848986618,48.56916188828662,12.30150245679471,16.368921025782097
20.594701607475436,92.14888322016462,8.840359711083108,20.409717698138447
